bandwidth_hz,bk_fixed_K,bk_fixed_U_max,bk_fixed_U_mean,bk_fixed_U_min,bk_fixed_ent_edge_pct,bk_fixed_ent_exposed,bk_fixed_ent_total,bk_fixed_ent_z_max,bk_fixed_ent_z_mean,bk_fixed_ent_z_p90,bk_fixed_feasible_rate,bk_fixed_risk_sum,bk_rep_K,bk_rep_U_max,bk_rep_U_mean,bk_rep_U_min,bk_rep_ent_edge_pct,bk_rep_ent_exposed,bk_rep_ent_total,bk_rep_ent_z_max,bk_rep_ent_z_mean,bk_rep_ent_z_p90,bk_rep_feasible_rate,bk_rep_risk_sum,eirp_dbw,ent_moves_accepted,ent_moves_tried,eval_calls,lb_moves_accepted,lb_moves_tried,main_K,main_U_max,main_U_mean,main_U_min,main_ent_edge_pct,main_ent_exposed,main_ent_total,main_ent_z_max,main_ent_z_mean,main_ent_z_p90,main_feasible_rate,main_ref_K,main_ref_U_max,main_ref_U_mean,main_ref_U_min,main_ref_ent_edge_pct,main_ref_ent_exposed,main_ref_ent_total,main_ref_ent_z_max,main_ref_ent_z_mean,main_ref_ent_z_p90,main_ref_feasible_rate,main_ref_lb_K,main_ref_lb_U_max,main_ref_lb_U_mean,main_ref_lb_U_min,main_ref_lb_ent_edge_pct,main_ref_lb_ent_exposed,main_ref_lb_ent_total,main_ref_lb_ent_z_max,main_ref_lb_ent_z_mean,main_ref_lb_ent_z_p90,main_ref_lb_feasible_rate,main_ref_lb_risk_sum,main_ref_risk_sum,main_risk_sum,ms_assoc_moves,ms_elev_mask_deg,ms_n_active,ms_n_unserved,ms_time_utc,ms_tle_path,n_hotspots,n_splits,n_users,noise_frac,radius_modes_km,region_mode,rho_safe,seed,sigma_max,sigma_min,tgbp_fixed_K,tgbp_fixed_U_max,tgbp_fixed_U_mean,tgbp_fixed_U_min,tgbp_fixed_ent_edge_pct,tgbp_fixed_ent_exposed,tgbp_fixed_ent_total,tgbp_fixed_ent_z_max,tgbp_fixed_ent_z_mean,tgbp_fixed_ent_z_p90,tgbp_fixed_feasible_rate,tgbp_fixed_risk_sum,tgbp_rep_K,tgbp_rep_U_max,tgbp_rep_U_mean,tgbp_rep_U_min,tgbp_rep_ent_edge_pct,tgbp_rep_ent_exposed,tgbp_rep_ent_total,tgbp_rep_ent_z_max,tgbp_rep_ent_z_mean,tgbp_rep_ent_z_p90,tgbp_rep_feasible_rate,tgbp_rep_risk_sum,time_assoc_s,time_baseline_bkmeans_s,time_baseline_tgbp_s,time_baseline_with_qos_s,time_baseline_without_qos_s,time_ent_ref_s,time_lb_ref_s,time_sat_select_s,time_split_s,time_usergen_s,use_hotspots,wk_demand_fixed_K,wk_demand_fixed_U_max,wk_demand_fixed_U_mean,wk_demand_fixed_U_min,wk_demand_fixed_ent_edge_pct,wk_demand_fixed_ent_exposed,wk_demand_fixed_ent_total,wk_demand_fixed_ent_z_max,wk_demand_fixed_ent_z_mean,wk_demand_fixed_ent_z_p90,wk_demand_fixed_feasible_rate,wk_demand_fixed_risk_sum,wk_demand_rep_K,wk_demand_rep_U_max,wk_demand_rep_U_mean,wk_demand_rep_U_min,wk_demand_rep_ent_edge_pct,wk_demand_rep_ent_exposed,wk_demand_rep_ent_total,wk_demand_rep_ent_z_max,wk_demand_rep_ent_z_mean,wk_demand_rep_ent_z_p90,wk_demand_rep_feasible_rate,wk_demand_rep_risk_sum,wk_qos_fixed_K,wk_qos_fixed_U_max,wk_qos_fixed_U_mean,wk_qos_fixed_U_min,wk_qos_fixed_ent_edge_pct,wk_qos_fixed_ent_exposed,wk_qos_fixed_ent_total,wk_qos_fixed_ent_z_max,wk_qos_fixed_ent_z_mean,wk_qos_fixed_ent_z_p90,wk_qos_fixed_feasible_rate,wk_qos_fixed_risk_sum,wk_qos_rep_K,wk_qos_rep_U_max,wk_qos_rep_U_mean,wk_qos_rep_U_min,wk_qos_rep_ent_edge_pct,wk_qos_rep_ent_exposed,wk_qos_rep_ent_total,wk_qos_rep_ent_z_max,wk_qos_rep_ent_z_mean,wk_qos_rep_ent_z_p90,wk_qos_rep_feasible_rate,wk_qos_rep_risk_sum
250000000.0,221,0.6804924305559352,0.08711928955497987,0.0016189783906202417,29.12621359223301,30,103,0.9976798995689072,0.5013576994754794,0.847343826111661,0.9411764705882353,0.6250838700068331,234,0.6804924305559352,0.08590115889322945,0.0016189783906202417,30.097087378640776,31,103,0.9976798995689062,0.4969099795048425,0.8478911483104711,1.0,0.6682013669913562,40.0,10,278,490,74,1160,250,0.7806914849751463,0.08064743762032921,0.0016189783906202417,28.155339805825243,29,103,0.9464367291088758,0.5024598740601628,0.8419063829318978,1.0,250,0.8022894043015648,0.08062934037896542,0.0016189783906202417,23.300970873786408,24,103,0.9797111609369237,0.48320765161470436,0.785803051806772,1.0,250,0.4996320819616767,0.08128543098817781,0.0016189783906202417,23.300970873786408,24,103,0.9797111609369237,0.485490854775492,0.785803051806772,1.0,0.38048397973768217,0.38048397973768217,0.5103776463982241,216,25.0,10,0,2026-01-29T16:19:56.897751+00:00,starlink.tle,10,240,1000,0.15,"(5.0, 10.0, 15.0, 20.0)",turkey,0.7,1,30000.0,5000.0,212,0.26272410291194515,0.04240358820281114,0.0016189783906202417,13.592233009708737,14,103,0.9068366103137359,0.45211656657438504,0.862215745574812,0.6509433962264151,0.21197275229235457,296,0.7049074933762425,0.06866365172632918,0.0016189783906202417,33.00970873786408,34,103,0.9895036950000027,0.49276882971711605,0.8456443358221919,1.0,0.5608286591871839,0.006338799998047762,2.3904077999904985,0.8930795999913244,0.20670000000245636,0.16907039999205153,0.1143280000105733,0.193586299996241,13.334267999998701,0.09637120000115829,0.009758000000147149,True,250,0.526515968489109,0.07430774386251056,0.0032871102255365254,19.41747572815534,20,103,0.9929824376046559,0.42655663574192476,0.8553815933435247,0.88,0.48336494398740826,273,0.5269909184040841,0.07307844503072014,0.0016189783906202417,23.300970873786408,24,103,0.9209070037938062,0.4554528805950045,0.8058294095653401,1.0,0.3452076131292317,250,0.4443587995770489,0.07303690034043525,0.0032871102255365254,4.854368932038835,5,103,0.8645509437499834,0.3054427591902978,0.6224480843255721,0.856,0.06429758720755605,275,0.4526698525845945,0.07213549599507454,0.0016189783906202417,14.563106796116505,15,103,0.9375270073518267,0.38392952777973255,0.7468076362672462,1.0,0.2521061648031597
250000000.0,201,0.6796182665425805,0.10997009833454047,0.00219036815968275,20.792079207920793,21,101,0.9791555864034168,0.432136071974043,0.8392997933920923,0.9601990049751243,0.4693824709049974,209,0.6796182665425805,0.10805293632802629,0.00219036815968275,21.782178217821784,22,101,0.9791555864034168,0.43812568217102754,0.8563081700539324,1.0,0.5077300115545726,40.0,12,261,428,19,233,219,0.6796182665425805,0.10398365944282625,0.00219036815968275,23.762376237623762,24,101,0.9817498966696643,0.4718809965993301,0.9020548536833383,1.0,219,0.6796182665425805,0.1035471618173377,0.00219036815968275,20.792079207920793,21,101,0.9817498966696643,0.45464826012416193,0.7940617552547214,1.0,219,0.6796182665425805,0.10375990939027069,0.00219036815968275,20.792079207920793,21,101,0.9817498966696643,0.45830070157097,0.7940617552547214,1.0,0.4876823736244094,0.4876823736244094,0.8143846712387368,338,25.0,10,0,2026-01-29T16:19:56.897751+00:00,starlink.tle,10,209,1000,0.15,"(5.0, 10.0, 15.0, 20.0)",turkey,0.7,2,30000.0,5000.0,194,0.6796182665425083,0.0658500308140325,0.00219036815968275,11.881188118811881,12,101,0.9817498966696643,0.42624577022906757,0.8736884640490024,0.7216494845360825,0.32145288426543706,260,0.6842374916034196,0.08763975478346009,0.00219036815968275,29.702970297029704,30,101,0.9862645877014529,0.4799919967515631,0.8711246260792461,1.0,0.7577730208013344,0.010762199999589939,2.3827069999970263,0.9103930999990553,0.13616870000987547,0.13978929999575485,0.1455197000032058,0.08594409999932395,13.500668799999403,0.13197620000573806,0.006975600001169369,True,219,0.6660639823435321,0.10242385391589931,0.00448902675074831,14.851485148514852,15,101,0.992231330724703,0.40084129247715666,0.7938531914649156,0.8401826484018264,0.3877348051455957,245,0.6661938699609582,0.09209322235392364,0.00219036815968275,22.77227722772277,23,101,0.9616350460008509,0.42985104976474486,0.8420216439138429,1.0,0.5049506593578732,219,0.645575193568992,0.10446561613011729,0.004688232824130636,5.9405940594059405,6,101,0.9639819836239553,0.31338369941622635,0.6562356610544944,0.8447488584474886,0.14324726001171206,243,0.6458367917833132,0.09265949621813895,0.00219036815968275,14.851485148514852,15,101,0.9791555864034168,0.4110097580702179,0.7639146299216726,1.0,0.4069375164254177
250000000.0,224,1.6623804550908763,0.0765611116536284,0.0017476766449166128,16.346153846153847,17,104,0.9634338444935951,0.4669422682870042,0.8507602059329996,0.9107142857142857,0.47992276911922366,244,0.9260387732689941,0.08487820756307521,0.0017476766449166128,23.076923076923077,24,104,0.9634338444935953,0.46000085078484215,0.8090674893140941,1.0,0.5187758463296546,40.0,7,195,486,37,797,248,0.964948529679248,0.08388361714036457,0.0017476766449166128,25.96153846153846,27,104,0.9626618073631217,0.46776654983319427,0.8226612303295746,1.0,248,0.964948529679248,0.08376917785887757,0.0017476766449166128,18.26923076923077,19,104,0.9641835596150725,0.4455022924740329,0.7830622149416072,1.0,248,0.8405866424073936,0.08425216593100082,0.0017476766449166128,18.26923076923077,19,104,0.9641835596150725,0.4517538149532,0.7830622149416072,1.0,0.4560284139609147,0.4560284139609147,0.503206733960363,363,25.0,10,0,2026-01-29T16:19:56.897751+00:00,starlink.tle,10,238,1000,0.15,"(5.0, 10.0, 15.0, 20.0)",turkey,0.7,3,30000.0,5000.0,213,1.662380455090876,0.054752282270101704,0.0017476766449166128,7.6923076923076925,8,104,0.9626618073631217,0.41359266521196236,0.8733556644678225,0.7230046948356808,0.26907578981778507,285,0.964948529679235,0.07328770240645008,0.0017476766449166128,19.23076923076923,20,104,0.9871607419984508,0.41242047565450424,0.7999631074380085,1.0,0.4562509832778446,0.014982399996370077,2.695175900000322,0.819867099977273,0.1685193000084837,0.17592039999726694,0.10149069999170024,0.1407623999984935,13.547968099999707,0.10174239999469137,0.00984940000489587,True,248,0.48779621942835194,0.07977071447959588,0.0017476766449166128,17.307692307692307,18,104,0.9444459474537504,0.44916832433388976,0.7868406951717157,0.8548387096774194,0.25877270539447006,284,0.5070492118489082,0.07284366286334731,0.0017476766449166128,25.0,26,104,0.9532562127279768,0.45046509905269605,0.8197518096272928,1.0,0.4830877878007302,248,0.5161431853482565,0.07928521316924038,0.0017476766449166128,5.769230769230769,6,104,0.8592797425983363,0.2993987192175952,0.6039823022309386,0.8548387096774194,0.03874865684748596,281,0.6034933938295792,0.07335719022664708,0.0017476766449166128,20.192307692307693,21,104,0.946755476389388,0.42029770981420383,0.7914790640688913,1.0,0.3532161279180486
250000000.0,218,0.6040511740518537,0.08505209752792547,0.0030002226454839322,15.841584158415841,16,101,0.9777877206382697,0.4338177088976435,0.7938500903609451,0.9495412844036697,0.30058938821103104,229,0.6040511740518537,0.08745957568255158,0.0030002226454839322,19.801980198019802,20,101,0.9777877206382689,0.43482294906108454,0.7617767641012456,1.0,0.3044583144161567,40.0,13,239,478,83,644,244,0.9532984916869087,0.08245117035875524,0.0030002226454839322,23.762376237623762,24,101,0.9987415393834953,0.4466404146939006,0.8457004202211739,1.0,244,0.9532984916869087,0.08214219476814706,0.0030002226454839322,16.831683168316832,17,101,0.9290861439985126,0.42447859341814026,0.7718969313059717,1.0,244,0.6355250634199493,0.0827500302527728,0.0030002226454839322,16.831683168316832,17,101,0.9290861439985126,0.42309223936232493,0.7718969313059717,1.0,0.22786014270359342,0.22786014270359342,0.5727405751110133,246,25.0,10,0,2026-01-29T16:19:56.897751+00:00,starlink.tle,10,234,1000,0.15,"(5.0, 10.0, 15.0, 20.0)",turkey,0.7,4,30000.0,5000.0,212,0.4837230678178604,0.04337953769262583,0.0030002226454839322,4.9504950495049505,5,101,0.9947263546926575,0.2887944359016252,0.9211841035697375,0.6792452830188679,0.24045302512166675,295,0.7970944404947908,0.06885176567718546,0.0030002226454839322,27.722772277227723,28,101,0.9947263546926575,0.42919912205094085,0.8638989083029449,1.0,0.741894511271036,0.008671600000525359,2.2929895000124816,0.9680617000049097,0.17526840000209631,0.1619751000253018,0.0946334999971441,0.15618360000371467,13.52420699999493,0.09690650000993628,0.009519100000034086,True,244,0.401006730690417,0.07854883256519465,0.0030002226454818553,9.900990099009901,10,101,0.8855601685943426,0.4058358585279572,0.7308805241315928,0.8811475409836066,0.10791562629188502,266,0.49935967087299094,0.07543201314307632,0.0030002226454839322,18.81188118811881,19,101,0.9859268010583915,0.44033606710620776,0.7771918363540803,1.0,0.35108497535154787,244,0.532226460456865,0.08051372194231557,0.003598202580794098,10.891089108910892,11,101,0.8777374335436088,0.33978051605738546,0.7213094076967967,0.8852459016393442,0.13852751183522932,263,0.5330497587447955,0.07583251671349467,0.0030002226454839322,19.801980198019802,20,101,0.9859268010583915,0.41733116385967484,0.7735553535985771,1.0,0.3174913690478447
250000000.0,210,1.4403551142956768,0.0911260812901816,0.0013666841669782372,15.151515151515152,15,99,0.9653356646996826,0.4264530115597074,0.8315701121920034,0.9428571428571428,0.4866780784606548,223,0.6556789279870393,0.08836314039872996,0.0013666841669782372,17.171717171717173,17,99,0.9653356646996748,0.4328238381319682,0.8367909343898847,1.0,0.529776937600543,40.0,6,188,462,64,706,236,0.8973201443539723,0.08352467646059565,0.0013666841669782372,19.19191919191919,19,99,0.9298195091411421,0.4130467094760027,0.7799844911724481,1.0,236,0.8973201443539723,0.0834606091048067,0.0013666841669782372,15.151515151515152,15,99,0.9984985572025906,0.4062158222371562,0.7651478806893366,1.0,236,0.5181798435425141,0.08404883406112827,0.0013666841669782372,15.151515151515152,15,99,0.9984985572025906,0.4127152296840576,0.7651478806893366,1.0,0.2681731192518798,0.2681731192518798,0.2736445118244065,334,25.0,10,0,2026-01-29T16:19:56.897751+00:00,starlink.tle,10,226,1000,0.15,"(5.0, 10.0, 15.0, 20.0)",turkey,0.7,5,30000.0,5000.0,200,1.4573324279009583,0.05724267160565953,0.0013666841669782372,9.090909090909092,9,99,0.9918651698642135,0.3541279767300581,0.8300607852253783,0.675,0.2500897452653435,273,0.758461680973527,0.07238308938748769,0.0013666841669782372,27.272727272727273,27,99,0.9918651698642135,0.4425237257690428,0.8819196278291119,1.0,0.7303753954565132,0.008236600006057415,2.2316827999893576,0.9607404999915161,0.14901799999643117,0.16548699999111705,0.0917704000021331,0.1341943000079482,13.537447499998962,0.0922015999967698,0.009142399998381734,True,236,0.6642826342868953,0.07972389499513483,0.0026645919148631744,16.161616161616163,16,99,0.9605900221370612,0.42536473667081914,0.7655579955489005,0.8983050847457628,0.34268389876217764,254,0.6646777738763087,0.07708062873867835,0.0013666841669782372,18.181818181818183,18,99,0.9485762660820499,0.4112042399415521,0.762147006723249,1.0,0.3096298526855486,236,0.5109253370826362,0.08062098255926814,0.0023473897585263655,5.05050505050505,5,99,0.9186936301497048,0.30417293511216364,0.6028530099386724,0.8813559322033898,0.13518748198062733,256,0.5114870475929041,0.07626929572340088,0.0013666841669782372,11.11111111111111,11,99,0.9190428434446212,0.3727272001528158,0.7073292973432269,1.0,0.19578377618611167
250000000.0,416,0.9493108182991301,0.11203755739782158,0.002870690755331026,16.532258064516128,41,248,0.983384445289386,0.4680791281218392,0.7782020055262763,0.9639423076923077,1.06932220848281,431,0.9493108182991301,0.10938175322008335,0.002870690755331026,18.14516129032258,45,248,0.983384445289386,0.4730707401376255,0.7855344304597807,1.0,1.0884254596969023,40.0,22,271,888,236,6251,449,0.9991377492024912,0.105084226949065,0.002870690755331026,17.741935483870968,44,248,0.983384445289386,0.4519766207589132,0.7902569677842581,1.0,449,0.9215062068117323,0.10500393074523229,0.002870690755331026,12.903225806451612,32,248,0.983384445289386,0.43425337142328924,0.724454403399957,1.0,449,0.596524463560079,0.10602887794656929,0.002870690755331026,12.903225806451612,32,248,0.983384445289386,0.4508667214376931,0.724454403399957,1.0,0.7687574515809179,0.7687574515809179,1.0692123890300262,425,25.0,10,0,2026-01-29T16:19:56.897751+00:00,starlink.tle,10,439,2500,0.15,"(5.0, 10.0, 15.0, 20.0)",turkey,0.7,1,30000.0,5000.0,351,0.357123393981807,0.046069583152901786,0.003175451012654943,10.080645161290322,25,248,0.9868575473956368,0.5583053877815052,0.9685732072994272,0.6609686609686609,0.7594468951266947,501,0.8982142181124624,0.09479907698198825,0.0029004617603085613,21.774193548387096,54,248,0.9868575473956368,0.46787937874550034,0.8285960572382813,1.0,1.3237368784567733,0.014085000002523884,5.0239923000044655,1.786554000005708,0.3050771999915014,0.3119839999926626,0.1585476999898674,0.6451653999974951,13.497742200001085,0.17188440000609262,0.02410960000270279,True,449,0.7328014935790537,0.10628282244381988,0.003186983619493872,16.532258064516128,41,248,0.9901833998273761,0.4754943955919278,0.7827998507592139,0.89086859688196,1.056538928661717,490,0.7331069701798608,0.09631156166514265,0.002870690755331026,21.774193548387096,54,248,0.9839389415618085,0.4825609061666532,0.8255556354626825,1.0,1.2792938777963503,449,0.7132988932624821,0.10706711425566255,0.003186983619493872,5.241935483870968,13,248,0.9908751868042126,0.34243709394501404,0.6359513463310277,0.8819599109131403,0.3750522283984424,492,0.7142823583143788,0.09535996977716796,0.002870690755331026,14.112903225806452,35,248,0.983384445289386,0.4213376656664303,0.7626224678300532,1.0,0.8639659023670841
250000000.0,390,1.0061092822243558,0.142963740455803,0.002664694093774502,21.323529411764707,58,272,0.9973130076609104,0.44662793293103037,0.8224258704070082,0.958974358974359,1.2141602111668606,406,0.9470022904358041,0.13682343886438486,0.002664694093774502,23.16176470588235,63,272,0.9973130076609104,0.4475492520732405,0.8387967361854332,1.0,1.3949686161943031,40.0,23,628,832,100,2407,421,0.9599494686230972,0.1318299280620745,0.0009145249674373149,21.691176470588236,59,272,0.9961936810438782,0.45048269301070126,0.8011699955372861,1.0,421,0.960452679493123,0.13160434281172909,0.0009145249674373149,17.647058823529413,48,272,0.9846225869324894,0.4370458126247705,0.7757758837118727,1.0,421,0.9184723842140186,0.13221652706928186,0.0009145249674373149,17.647058823529413,48,272,0.9846225869324894,0.4455842855921754,0.7757758837118727,1.0,0.8458668749293353,0.8758733903894055,1.3460072197313881,889,25.0,10,0,2026-01-29T16:19:56.897751+00:00,starlink.tle,10,411,2500,0.15,"(5.0, 10.0, 15.0, 20.0)",turkey,0.7,2,30000.0,5000.0,331,1.8347323692587605,0.07006320292129985,0.002664694093774502,13.235294117647058,36,272,0.9958264221718699,0.5466855685199394,0.9626252143968579,0.7280966767371602,1.3992002568946733,444,0.9924193496830702,0.1259956081824475,0.0009145249674373149,26.83823529411765,73,272,0.9989669526949878,0.5080057055182714,0.8989312003503183,1.0,2.36200671331791,0.016350300000340212,4.648219300004712,1.5645504999920377,0.32322909999493277,0.3341678999931901,0.26455839999835007,0.30958169999939855,13.292526299999736,0.16630969999096124,0.023604500005603768,True,421,0.8835465464223461,0.13431665428832804,0.0030413317978428235,16.91176470588235,46,272,0.9972606977564459,0.4636873199916218,0.8210394883704785,0.850356294536817,1.126906454167413,481,0.887243332769333,0.1146233594880293,0.002664694093774502,20.58823529411765,56,272,0.9983039963032734,0.4517408351784051,0.8099886277699189,1.0,1.2796906402380155,421,1.0191864324456061,0.14425420932471794,0.004609923178346469,8.088235294117647,22,272,0.9920225815950692,0.3352926251519885,0.6890206475717018,0.8052256532066508,0.6833360006960608,490,0.782392053807833,0.11242672240357657,0.0019294216063821315,16.91176470588235,46,272,0.971670112384654,0.4100488806926169,0.793722015382345,1.0,0.8484368824463623
250000000.0,402,1.5269426244262376,0.12545577752206385,0.002870527282383506,19.444444444444443,49,252,0.9835678977542316,0.4447495596125149,0.8012109192205294,0.9502487562189055,0.9266188094960908,425,0.9921873834387938,0.11943051672586488,0.002870527282383506,19.047619047619047,48,252,0.9835678977542316,0.44798069410706376,0.7760919910322269,1.0,0.8655186004298873,40.0,13,308,832,171,5539,421,0.9881170656689895,0.12066487742136515,0.002870527282383506,16.666666666666668,42,252,0.9952343637301726,0.4524113115779403,0.8214209627130487,1.0,421,0.9881170656689895,0.12039928691270158,0.002870527282383506,13.88888888888889,35,252,0.981333555738971,0.4408824888327255,0.7690216454475333,1.0,421,0.6708369762215176,0.12147140302991463,0.002870527282383506,13.88888888888889,35,252,0.981333555738971,0.4503207863293125,0.7690216454475333,1.0,0.8437168469688673,0.8437168469688673,1.1479582234045846,1064,25.0,10,0,2026-01-29T16:19:56.897751+00:00,starlink.tle,10,411,2500,0.15,"(5.0, 10.0, 15.0, 20.0)",turkey,0.7,3,30000.0,5000.0,343,0.5671049755494133,0.048867627248545986,0.002870527282383506,7.936507936507937,20,252,0.9835678977542316,0.5048420059210834,0.8851482063836513,0.7405247813411079,0.5463817146324228,463,0.9793691856126678,0.10984041085801226,0.002870527282383506,18.253968253968253,46,252,0.9835678977542316,0.45030714143086814,0.7921779829442755,1.0,1.0959203332721617,0.03463880000344943,4.277787500002887,1.2975150999991456,0.3219585999759147,0.31877040000108536,0.13935900000069523,0.500952700007474,13.436860599998909,0.1560313000009046,0.01917459999822313,True,421,1.1855184471653204,0.1251102827397338,0.0034037631173208576,17.063492063492063,43,252,0.9715270257320291,0.4360793296123782,0.8149334712471868,0.8551068883610451,0.9635865613193508,471,0.940770240605123,0.10734764311250429,0.0032922086752662553,19.047619047619047,48,252,0.9835678977542316,0.45737911594006186,0.8094874959731782,1.0,1.1026849276062312,421,0.9400568174096386,0.1254887873913703,0.003508344978166759,5.555555555555555,14,252,0.976553370505754,0.3505105421281009,0.6470262079980114,0.833729216152019,0.3907889128113752,477,0.94013132218985,0.10580762044231584,0.002870527282383506,18.253968253968253,46,252,0.9835678977542316,0.4401155561590371,0.7843177710991242,1.0,1.0380900120602659
250000000.0,383,1.1720793122672577,0.13384226088592666,0.0021893268342294994,21.50943396226415,57,265,0.998848260877134,0.46980513103280946,0.8202565483995393,0.9477806788511749,1.3939304437229871,403,0.9437824680823188,0.13028607730468966,0.0021893268342294994,23.0188679245283,61,265,0.998848260877134,0.46935174741415053,0.8276109664963464,1.0,1.5725020768476474,40.0,18,486,828,161,4747,419,0.9440745382332866,0.12519107256294223,0.0021893268342294994,22.264150943396228,59,265,0.9920151607695264,0.4588752776623732,0.8165019633155186,1.0,419,0.9440745382332866,0.12492621011844546,0.0021893268342294994,16.9811320754717,45,265,0.9920151607695264,0.44332912043376244,0.7885852286081968,1.0,419,0.8030028843734485,0.1258613692699863,0.0021893268342294994,16.22641509433962,43,265,0.9920151607695264,0.45239113622982446,0.7885852286081968,1.0,1.1116752582675316,1.114503548618428,1.2248362245663345,562,25.0,10,0,2026-01-29T16:19:56.897751+00:00,starlink.tle,10,409,2500,0.15,"(5.0, 10.0, 15.0, 20.0)",turkey,0.7,4,30000.0,5000.0,350,1.1167946913337978,0.05333549552084205,0.0016915543373631574,8.30188679245283,22,265,0.9920151607695264,0.4686767358206034,0.9111175393092978,0.7085714285714285,0.5556713542924812,488,0.9996350554929885,0.1078816598202806,0.0016915543373631574,22.264150943396228,59,265,0.9977842164084348,0.4653618695813796,0.8471198193506753,1.0,1.515576388071523,0.01703799999813782,4.298718599995482,1.7711451000141096,0.32714939999277703,0.328236699977424,0.2178276999911759,0.5345034999991185,13.44562560000486,0.1695739999995567,0.022634500004642177,True,419,0.8792008078492586,0.13030073269732081,0.0027022183609226543,11.320754716981131,30,265,0.999781893869877,0.43462470932186553,0.7672454632480844,0.8520286396181385,0.7965426076337512,461,0.8797152798976705,0.11263065092490684,0.0021893268342294994,20.37735849056604,54,265,0.998848260877134,0.46020405706594353,0.8073300500014227,1.0,1.3142138850113416,419,1.0742122029006016,0.12696990791423635,0.0027022183609226543,5.283018867924528,14,265,0.9864613359393447,0.3256520898215949,0.6158551320059812,0.8186157517899761,0.29003415723703735,475,0.826393575973186,0.1092182920092358,0.0016915543373631574,13.584905660377359,36,265,0.9940480840963437,0.3987149575756097,0.761242965914542,1.0,1.065547361944942
250000000.0,396,1.270253829671996,0.1239774581903571,0.0029990447441202973,18.473895582329316,46,249,0.9869793584733294,0.44806007028118194,0.8202726541683988,0.9393939393939394,0.9648991185490428,420,0.9157185142155734,0.11874837680447455,0.0029990447441202973,19.27710843373494,48,249,0.9869793584733294,0.43442252604155324,0.8131935447757438,1.0,0.9641649170962462,40.0,20,323,858,181,4653,434,0.9836300586297376,0.11484165289577722,0.0026252232802664575,21.285140562248998,53,249,0.9683321273850838,0.4356247530774449,0.8213152905622946,1.0,434,0.9836300586297376,0.11462883694010458,0.0026252232802664575,14.457831325301205,36,249,0.9683321273850838,0.41831275256786665,0.7629242049280297,1.0,434,0.7016340642789579,0.11572066343727949,0.0026252232802664575,14.457831325301205,36,249,0.9683321273850838,0.4200658679131003,0.7629242049280297,1.0,0.76986608807387,0.76986608807387,1.0006950283337563,701,25.0,10,0,2026-01-29T16:19:56.897751+00:00,starlink.tle,10,424,2500,0.15,"(5.0, 10.0, 15.0, 20.0)",turkey,0.7,5,30000.0,5000.0,339,3.5381819344463876,0.06569431673297445,0.0029990447441202973,10.040160642570282,25,249,0.9842490877549911,0.45394086154587804,0.8819241537013126,0.6902654867256637,0.6698248642631495,484,0.9812385674276167,0.10395315226714973,0.0029990447441202973,24.497991967871485,61,249,0.9842490877549911,0.4666678977976088,0.826582594289029,1.0,1.3298441794908822,0.020852599998761434,4.376734600002237,2.1099058000108926,0.2933441999775823,0.30499430000782013,0.1699938999954611,0.4687139000016032,13.678191300001345,0.17182329999195645,0.024164500006008893,True,434,1.2005248095193863,0.1152126516250207,0.002486343196094359,16.06425702811245,40,249,0.9950853169423158,0.43475053694683446,0.777765972741836,0.8917050691244239,0.68828644536188,469,0.9208081184221468,0.10606837920389578,0.002486343196094359,14.859437751004016,37,249,0.98840207717453,0.4354323675045171,0.7884677148444996,1.0,0.884889758414473,434,1.156715179740259,0.11930770897828756,0.0030914519309465176,8.032128514056225,20,249,0.9476303758536856,0.3462496971920035,0.6835194027250553,0.8456221198156681,0.23018086178297556,475,0.9388664874275966,0.10451265037051287,0.0029990447441202973,14.056224899598394,35,249,0.9444773261248305,0.4098348344184057,0.7561397685969791,1.0,0.6684153675863557
250000000.0,683,1.1643303919111772,0.14588102626537483,0.0023484690713211137,18.253968253968253,92,504,0.9960041546011238,0.45243060284156106,0.7996337718346653,0.972181551976574,1.9827537908251753,702,0.9559838225143642,0.141089898606094,0.0017702119556954605,19.047619047619047,96,504,0.9960041546011233,0.454298002310222,0.8039320455584666,1.0,2.011473618458202,40.0,45,673,1330,326,8489,670,0.9822676600345625,0.1481323735363277,0.0017702119556954605,18.055555555555557,91,504,0.9997318962098127,0.4601110268932486,0.7990093804622544,1.0,670,0.9822676600345625,0.14782652136544394,0.0017702119556954605,13.293650793650794,67,504,0.997164989622527,0.44628650737308406,0.7614401715789241,1.0,670,0.8274630048875182,0.149031811378019,0.0017702119556954605,13.293650793650794,67,504,0.997164989622527,0.4545105891249731,0.7614401715789241,1.0,1.6844648884840516,1.6844648884840516,2.3572131505178087,931,25.0,10,0,2026-01-29T16:19:56.897751+00:00,starlink.tle,10,660,5000,0.15,"(5.0, 10.0, 15.0, 20.0)",turkey,0.7,1,30000.0,5000.0,497,1.1833896496991,0.053542982331223996,0.003089407574835125,10.119047619047619,51,504,0.9990059577281335,0.5897029262571698,0.9641431385605713,0.6740442655935613,1.7964498453841309,723,0.9442009452099573,0.13772929540043757,0.003089407574835125,21.626984126984127,109,504,0.9990059577281335,0.4738703063357928,0.8578296422475585,1.0,3.2975692829314327,0.02417099999729544,7.738338900002418,2.9615823000276578,0.6066527000002679,0.6640131000021938,0.3224467000036384,1.0149495000077877,13.59896189999563,0.26600309999048477,0.0469364999953541,True,670,0.8481059273595438,0.15626174868517576,0.0023943078633593693,12.896825396825397,65,504,0.9846937678546503,0.4320427462099601,0.7574506243794599,0.8567164179104477,1.144902749067456,751,0.8541546883695836,0.13155203070345192,0.0017702119556954605,17.46031746031746,88,504,0.9950893248411479,0.4474750378811546,0.792794936094351,1.0,1.9762162085589856,670,1.0531130997537,0.15874170895929432,0.005191658952914395,5.357142857142857,27,504,0.9338763954008443,0.3518487017187278,0.6147079828651291,0.835820895522388,0.30562507906838554,752,0.832955592220901,0.13130222235030803,0.0017702119556954605,12.5,63,504,0.9963145433424468,0.41982698913173105,0.72646584054777,1.0,1.3592956354019574
250000000.0,641,1.2789455248284787,0.17010882698380325,0.001692305569692944,19.80952380952381,104,525,0.9964611352106434,0.46485085246971214,0.8178194476901248,0.9609984399375975,2.4136662241581592,666,0.9689341858808368,0.163253701480379,0.001692305569692944,20.19047619047619,106,525,0.9964611352106458,0.4639072956044305,0.8183775176750542,1.0,2.5531256824752413,40.0,38,817,1302,227,7432,656,0.9977211777585446,0.1652052462528457,0.0018469337661155604,17.904761904761905,94,525,0.9964611352106458,0.4592184961876533,0.7937950923189012,1.0,656,0.9742111627116283,0.16494449864751712,0.0018469337661155604,13.142857142857142,69,525,0.9964611352106458,0.4475121742306237,0.7613740537169663,1.0,656,0.7770785297017402,0.16601170537337392,0.0018469337661155604,12.952380952380953,68,525,0.9964611352106458,0.45319658455742806,0.7586634778592967,1.0,1.7397138186731718,1.745455496897401,2.327137502425064,1812,25.0,10,0,2026-01-29T16:19:56.897751+00:00,starlink.tle,10,646,5000,0.15,"(5.0, 10.0, 15.0, 20.0)",turkey,0.7,2,30000.0,5000.0,481,3.8915887752815244,0.07498524706499791,0.0017865749588669342,8.952380952380953,47,525,0.9993844366876172,0.5274167249197846,0.9365530365611192,0.6902286902286903,1.3655986541848049,709,0.9820163472298213,0.15319760402001,0.0017865749588669342,19.80952380952381,104,525,0.9993844366876172,0.45954721331038767,0.8103309282680264,1.0,2.769093702875726,0.04349250000086613,8.17362310000317,1.7622452000068733,0.5942575000008219,0.5752629000126035,0.34578360000887187,0.7910536999988835,13.584854100001394,0.2766027999969083,0.04845969999587396,True,656,1.5262948322014793,0.17957148719874935,0.001692305569692944,14.285714285714286,75,525,0.9945810152658403,0.4419019933704078,0.7703966499681933,0.836890243902439,1.519006505240904,727,0.9475176655063475,0.14866927998296728,0.001692305569692944,19.238095238095237,101,525,0.9949160576737897,0.4621843405613105,0.8051375748697694,1.0,2.3004307444921297,656,1.2456210981972156,0.18199097256306057,0.0025535027562630305,6.857142857142857,36,525,0.9885512932056604,0.3434243568604044,0.6430544139673519,0.8170731707317073,0.7858042249632726,744,0.9401712175005874,0.14521587484458737,0.001692305569692944,15.80952380952381,83,525,0.9920696130461828,0.41303053572381365,0.7678069009682518,1.0,1.6557660275350532
250000000.0,662,2.0997460667967163,0.1513868721207149,0.001692573959615015,20.0,105,525,0.9998095071248175,0.4520795201363662,0.8112445140655005,0.9652567975830816,2.186394921108488,691,0.9636969672362888,0.14664745142885882,0.001692573959615015,20.571428571428573,108,525,0.9998095071248175,0.4640937430531971,0.8097478403491802,1.0,2.2174668916040954,40.0,48,876,1382,274,7576,696,0.9935013532251926,0.14586446177563683,0.0012477120377764395,20.38095238095238,107,525,0.9996340919123137,0.4542859241077739,0.8313967509181702,1.0,696,0.9935013532251926,0.14547939371242916,0.0012477120377764395,15.238095238095237,80,525,0.9748366852794579,0.4361074206994074,0.7719102565760486,1.0,696,0.7811721686026193,0.14661155866710654,0.0012477120377764395,15.238095238095237,80,525,0.9748366852794579,0.44289988131576624,0.7719102565760486,1.0,1.653809847417444,1.6652889597712088,2.631126057179074,2442,25.0,10,0,2026-01-29T16:19:56.897751+00:00,starlink.tle,10,686,5000,0.15,"(5.0, 10.0, 15.0, 20.0)",turkey,0.7,3,30000.0,5000.0,504,0.6620693659581955,0.05352707486476901,0.0027491843168389787,9.904761904761905,52,525,0.9988295608604835,0.6164776731433377,0.9551047119960626,0.7162698412698413,1.5357329005546112,718,0.9760650012138582,0.14173585814758194,0.0027491843168389787,20.38095238095238,107,525,0.9988295608604835,0.45674826383386363,0.8182444899396039,1.0,2.863900839162509,0.07024239999736892,8.379921200008539,1.6276583999933791,0.616237899994303,0.6463372999933199,0.3711062999936985,0.869262099993648,13.967239400000835,0.2859045999866794,0.054560599994147196,True,696,1.8473690234070776,0.1513444055347903,0.0028440190306041222,15.047619047619047,79,525,0.9957005156219326,0.4490094221102973,0.7852325802360991,0.867816091954023,1.6266400390647349,773,0.9508304239843695,0.1305023334183921,0.001692573959615015,17.904761904761905,94,525,0.9748366852794579,0.45147233234985396,0.8065040036534911,1.0,2.029824968666131,696,1.4088655467375593,0.15156034371935284,0.0036040443576449647,7.809523809523809,41,525,0.9948437910050544,0.33928063782341056,0.6695451545010063,0.8405172413793104,0.8637140794229708,769,0.951293073009252,0.1310099463749138,0.001692573959615015,14.095238095238095,74,525,0.9969298443696494,0.40704179818227454,0.7842713919024968,1.0,2.009806789046506
250000000.0,674,1.4474294958491558,0.14779516938889203,0.0015818759151810743,15.079365079365079,76,504,0.9884790945398305,0.43725453960153077,0.7785010178728986,0.9614243323442137,1.6274418431970215,701,0.9049715700591274,0.14235088259590734,0.0015818759151810743,15.674603174603174,79,504,0.9884790945398325,0.4385769862753114,0.8033862209158469,1.0,1.8383590850779346,40.0,39,642,1318,257,7422,664,0.9664146837152524,0.1504721246646427,0.0023937566766584536,18.849206349206348,95,504,0.9881839006370596,0.440011752261139,0.8075525989719898,1.0,664,0.981000141756162,0.1500944898250499,0.0023937566766584536,12.896825396825397,65,504,0.9881839006370596,0.42308413451226556,0.7486956637332187,1.0,664,0.8385483831667802,0.15119289616920678,0.0023937566766584536,12.5,63,504,0.9881839006370596,0.43280031584271905,0.747747857254747,1.0,1.4594471694914248,1.483254336870202,2.0248510194067264,1105,25.0,10,0,2026-01-29T16:19:56.897751+00:00,starlink.tle,10,654,5000,0.15,"(5.0, 10.0, 15.0, 20.0)",turkey,0.7,4,30000.0,5000.0,491,0.5543888944586753,0.05237396781371601,0.002610690567538994,8.134920634920634,41,504,0.9992779565144952,0.6256972113309279,0.9715577748745133,0.670061099796334,1.8039129817506838,729,0.9756303348513722,0.13768894640522375,0.002610690567538994,19.047619047619047,96,504,0.9992779565144952,0.4638445232325028,0.8300916882428835,1.0,2.80877423875554,0.03107169999566395,8.725008699992031,2.6747061999776633,0.6129504999989877,0.5597620999978972,0.3203973000127007,0.872305700002471,13.544065200003388,0.2757839999976568,0.047353000001749024,True,664,1.2666323331955167,0.159868749876515,0.0015818759151810743,14.285714285714286,72,504,0.9828943139443939,0.42319504436886474,0.7454264274040168,0.8629518072289156,1.0277003953077786,734,0.9513334059710683,0.13533596477856955,0.0015818759151810743,16.865079365079364,85,504,0.993924548108122,0.44019347199488473,0.7816003671994924,1.0,1.9696164853070122,664,0.961717122329383,0.15981204167352686,0.003525930681679944,6.150793650793651,31,504,0.9658623609769058,0.3379682399940313,0.6336984564361873,0.838855421686747,0.43914912696531005,742,0.9622328751546408,0.13381913647863156,0.0021851641258603632,13.492063492063492,68,504,0.9909517516282779,0.40746695917558257,0.7531620042360379,1.0,1.6162578463850843
250000000.0,635,2.8800292464039936,0.1610866077801285,0.002142689274727085,17.120622568093385,88,514,0.9979597881337623,0.43150408000318613,0.7999580204649411,0.9511811023622048,1.794164626753242,672,0.9930018371698883,0.1524583013545436,0.002142689274727085,17.509727626459146,90,514,0.9979597881337623,0.4302534547537173,0.7991267277657361,1.0,1.9887452210664884,40.0,50,725,1388,203,6789,699,0.999463598425797,0.1465781725554967,0.0024161813443227516,19.455252918287936,100,514,0.9992817893387794,0.44538151207918225,0.8085602433826619,1.0,699,0.999463598425797,0.14638781962807923,0.0024161813443227516,13.618677042801556,70,514,0.9992817893387794,0.4275718746797479,0.7555776235685557,1.0,699,0.9262841861544275,0.14738724296538985,0.0024161813443227516,13.618677042801556,70,514,0.9992817893387794,0.4448094165788371,0.7555776235685557,1.0,1.55343813496832,1.5617880776046147,2.247077858208886,1445,25.0,10,0,2026-01-29T16:19:56.897751+00:00,starlink.tle,10,689,5000,0.15,"(5.0, 10.0, 15.0, 20.0)",turkey,0.7,5,30000.0,5000.0,477,2.6995896497566116,0.0637242021073908,0.002142689274727085,9.14396887159533,47,514,0.9979597881337623,0.5767118084245573,0.9456650982189887,0.6981132075471698,1.440482387957206,698,0.9576557020195484,0.1471106658220621,0.0019170373228031316,21.20622568093385,109,514,0.9979597881337623,0.45202736984717906,0.8205279527108542,1.0,2.5505536332350185,0.032538799998292234,7.7129482999953325,2.7863559000034,0.5280487000127323,0.5835116000016569,0.36664869998639915,0.7068308000161778,13.798004000003857,0.2877405999970506,0.0289275999966776,True,699,1.9142921096751708,0.1505534080617872,0.0026748948084811815,11.867704280155642,61,514,0.9991431017815989,0.41169281687539133,0.755063275720943,0.8898426323319027,1.411554440064606,753,0.9956983543698081,0.1351044482879602,0.0026748948084811815,16.147859922178988,83,514,0.9996933364578072,0.41825183395619325,0.7833427208676869,1.0,1.9778281015241583,699,2.049563872657908,0.15405734926966727,0.0029206383972688963,6.031128404669261,31,514,0.9778270153275526,0.3222265526943615,0.6110808034267524,0.8698140200286123,0.49856446943886473,754,0.9504180045678314,0.13481965163021373,0.0026748948084811815,12.84046692607004,66,514,0.9979597881337623,0.3846274272092751,0.7383106918601255,1.0,1.3190903113047032
250000000.0,1020,1.3784843358317613,0.1923415928922765,0.002326582453694541,16.816816816816818,168,999,0.9989909061746541,0.44920222010385924,0.7906426937588866,0.9529411764705882,3.8715434961836976,1069,0.9916652141352994,0.18123178851616206,0.002326582453694541,16.616616616616618,166,999,0.9989909061746541,0.44901718008755703,0.7841602674121152,1.0,3.6395832708065523,40.0,97,1146,2036,300,8263,1023,0.9983521946645004,0.1892022615280651,0.002030543899218059,15.815815815815816,158,999,0.990156557794171,0.4304138927766526,0.7804131079191607,1.0,1023,0.9983521946645004,0.18876787646490928,0.002030543899218059,9.40940940940941,94,999,0.9864739174750935,0.40987630650159224,0.6922623797332134,1.0,1023,0.9170589455503572,0.18975641047576258,0.002030543899218059,9.40940940940941,94,999,0.9864739174750935,0.4176180530985872,0.6949697698276625,1.0,2.0155799490142914,2.0155799490142914,3.4989588940058094,1925,25.0,10,0,2026-01-29T16:19:56.897751+00:00,starlink.tle,10,1013,10000,0.15,"(5.0, 10.0, 15.0, 20.0)",turkey,0.7,1,30000.0,5000.0,666,0.6895377969998203,0.05944467234686679,0.0017360594784728907,5.7057057057057055,57,999,0.997620133885112,0.5931041593548949,0.9547771955328356,0.5630630630630631,2.168090253356321,1113,0.989135478526262,0.17474261762020757,0.0017360594784728907,15.015015015015015,150,999,0.997620133885112,0.44666073853440624,0.7724093277911065,1.0,3.7666706175006044,0.051806700001179706,17.064928999992844,3.7304211999944528,1.4882077999936882,1.4316835999998148,0.5343200000061188,1.0541733999925782,13.922097100003157,0.44169459998374805,0.08566889999929117,True,1023,1.4596131190711488,0.2002915911855801,0.0026697007296298935,12.012012012012011,120,999,0.9949506703213327,0.4311857670379804,0.7443022451003716,0.8709677419354839,2.680463503758803,1118,0.9835067254035019,0.17300908826102,0.002174664438467577,15.215215215215215,152,999,0.9925046441546079,0.44716691281111903,0.7774950223389298,1.0,3.5020973939438504,1023,1.643314519151373,0.20011080326395098,0.002769882733309862,6.306306306306307,63,999,0.9899085790456219,0.35726063069927755,0.6311820898045306,0.8611925708699902,1.1106188298035213,1122,0.9947344051865666,0.1717751735647989,0.002326582453694541,12.012012012012011,120,999,0.9868379874920737,0.4094911460767654,0.7307410594337647,1.0,2.307403167734814
250000000.0,1033,2.0384487841257366,0.2085058120633601,0.001759845418901741,13.056092843326885,135,1034,0.9903610558106112,0.42935664918886535,0.7526268882450817,0.9419167473378509,2.8224386481723585,1100,0.9989634818132369,0.19380582891130235,0.001759845418901741,12.86266924564797,133,1034,0.9903610558106217,0.42875495135130226,0.753988620053826,1.0,2.844633494740355,40.0,81,1134,2104,280,7457,1057,0.9892568488958027,0.20191692860723826,0.001759845418901741,14.796905222437138,153,1034,0.9947242754180783,0.43334823717480536,0.7816231987250999,1.0,1057,0.9892568488958027,0.20143618920548134,0.001759845418901741,10.154738878143133,105,1034,0.991614676188228,0.4162995133071399,0.7033672376161081,1.0,1057,0.8694348915458027,0.2023939958717323,0.001759845418901741,10.154738878143133,105,1034,0.991614676188228,0.4233185407709169,0.7033672376161081,1.0,2.3189522573106975,2.3189522573106975,3.5538960977039644,3497,25.0,10,0,2026-01-29T16:19:56.897751+00:00,starlink.tle,10,1047,10000,0.15,"(5.0, 10.0, 15.0, 20.0)",turkey,0.7,2,30000.0,5000.0,668,4.411271287560431,0.07085295702451984,0.0020133751931894145,5.609284332688588,58,1034,0.9971606409178488,0.5974047475239757,0.9337821916465424,0.5868263473053892,1.9013623960891144,1120,0.9933230917833787,0.19074350166648602,0.001759845418901741,17.11798839458414,177,1034,0.9971606409178488,0.44349626771156964,0.7973135092687548,1.0,4.319271468707193,0.07422419999784324,14.537673099999665,2.9351218000010704,1.373514000006253,1.4161634000047343,0.5568003999869688,0.9654008000070462,14.025733900001796,0.4588302000120166,0.10039659999893047,True,1057,2.4332099123590925,0.21334542271568693,0.0035978413295656196,12.379110251450676,128,1034,0.9969740499584451,0.4301653212704554,0.752579072114432,0.8760643330179754,2.84981746803774,1164,0.9979929662718905,0.18282714561625427,0.0028833491438051877,15.18375241779497,157,1034,0.9950331505889778,0.4388213098791884,0.7732469336990825,1.0,3.2686129962752997,1057,1.6330989625415635,0.2167758511621032,0.0031814333546442354,5.1257253384912955,53,1034,0.9928884300822628,0.3394833807082782,0.6009709632832423,0.8571428571428571,1.015560186884831,1168,0.9838589440631359,0.18168993380323797,0.001759845418901741,10.831721470019342,112,1034,0.9978890992951156,0.3960900459887548,0.7151822897733977,1.0,2.573673367144704
250000000.0,1028,2.5451410667063774,0.19300958093812848,0.0012665682630751795,12.291052114060964,125,1017,0.9987999645937404,0.4160367163955285,0.7379826294797831,0.9591439688715954,2.927908057158848,1088,0.9953313464301631,0.1817231581246109,0.0012665682630751795,12.782694198623402,130,1017,0.9987999645937404,0.4031053197082083,0.7407244895167036,1.0,2.92989378338189,40.0,65,881,2062,342,9692,1036,0.993323165712561,0.1910091133628431,0.002169805833147598,12.979351032448378,132,1017,0.9987999645937404,0.40679807376575916,0.7599714085964207,1.0,1036,0.993323165712561,0.19062059335511175,0.002169805833147598,9.04621435594887,92,1017,0.9987999645937404,0.38982716199199385,0.6852611957193739,1.0,1036,0.7968809882938556,0.19205694396741332,0.002169805833147598,9.04621435594887,92,1017,0.9987999645937404,0.4036929545487288,0.6886135910480213,1.0,2.0974380322608814,2.0974380322608814,3.4722960655927655,4165,25.0,10,0,2026-01-29T16:19:56.897751+00:00,starlink.tle,10,1026,10000,0.15,"(5.0, 10.0, 15.0, 20.0)",turkey,0.7,3,30000.0,5000.0,682,1.6170605735078125,0.06067527998422454,0.003054626653731226,5.3097345132743365,54,1017,0.9943540865939885,0.5899814453638084,0.9088741314812376,0.6114369501466276,1.4820445469712729,1106,0.9969348746154814,0.17936219371007048,0.0012665682630751795,13.962635201573255,142,1017,0.9987999645937404,0.41772798343974477,0.7717255598303635,1.0,3.4367781448960377,0.14048340000590542,15.981208200020774,3.024834899988491,1.4789633999971556,1.5045141000082367,0.43167459999676794,1.1741121000086423,13.703135199997632,0.4290760000149021,0.08161950000067009,True,1036,1.989343231142267,0.20335568763682393,0.0029956796098595125,10.029498525073747,102,1017,0.9911567611749771,0.41046576898375303,0.7046390876823675,0.8696911196911197,2.392661192907701,1147,0.9944057909803298,0.17202384732599513,0.0018034161723756194,12.389380530973451,126,1017,0.9987999645937404,0.40886734159677424,0.7353247795283178,1.0,2.8333351473482624,1036,1.8371533723767008,0.2035335416321322,0.003897778696217609,4.818092428711898,49,1017,0.9802932211823588,0.33948692845131967,0.6038233700408436,0.8503861003861004,0.7316324284070985,1167,0.9827684972375774,0.16882733189587784,0.0012665682630751795,10.521140609636184,107,1017,0.9987999645937404,0.3865230762771816,0.7105253806427576,1.0,2.4331646653096386
250000000.0,984,1.762062919608606,0.20023550893932873,0.001847038922369508,13.96039603960396,141,1010,0.9945028158506218,0.4349025453121456,0.7632229383352039,0.9563008130081301,2.39930759671536,1030,0.9640790616393313,0.1907564762598369,0.001847038922369508,14.158415841584159,143,1010,0.9945028158506218,0.43239503966540177,0.7608829244033364,1.0,2.404124267853584,40.0,48,945,2002,391,10912,1006,0.9997396839599266,0.19515402747482014,0.0030076190261251828,12.178217821782178,123,1010,0.9962715349263581,0.4169096131123879,0.7329455087261546,1.0,1006,0.9997396839599266,0.19493139867362647,0.0030076190261251828,8.118811881188119,82,1010,0.995908982501089,0.4067640805056924,0.6848193006764406,1.0,1006,0.8079440584006753,0.19626401716037511,0.0030076190261251828,8.01980198019802,81,1010,0.995908982501089,0.41267006069328943,0.6865815514599639,1.0,2.059578375565522,2.061058404491591,2.776397515973151,2061,25.0,10,0,2026-01-29T16:19:56.897751+00:00,starlink.tle,10,996,10000,0.15,"(5.0, 10.0, 15.0, 20.0)",turkey,0.7,4,30000.0,5000.0,641,0.6922184745569269,0.05957499490365962,0.0032322854290371917,5.247524752475248,53,1010,0.9988173814988057,0.5879329438988415,0.9396373548508916,0.5756630265210608,1.5800267519960383,1068,0.9975974221324493,0.1840754208554931,0.002818201650469499,15.544554455445544,157,1010,0.9988173814988057,0.44646046574561593,0.7604582259439543,1.0,3.666115831354311,0.06967450000229292,15.045615899995028,4.058300100012275,1.3108261000015773,1.3438835000051768,0.4964364000115893,1.3301580000115791,13.993840800001635,0.4509211000040523,0.07940539999981411,True,1006,1.4395340986316725,0.20714567686932572,0.0026177994972103667,10.891089108910892,110,1010,0.9991577880376719,0.4232989579737385,0.712297900838505,0.8757455268389662,2.2585504874848468,1088,0.9975129721792888,0.18056314327498266,0.0018377479507896218,14.653465346534654,148,1010,0.9964409405637696,0.4301670094347173,0.7584226813914587,1.0,3.0690118770785575,1006,1.4230653287814192,0.21204712095619524,0.001847038922369508,5.9405940594059405,60,1010,0.9995117658022588,0.3529891578658525,0.6418629984856461,0.8399602385685885,1.4069383715711745,1111,0.9552699594398432,0.17633063285610417,0.001847038922369508,12.970297029702971,131,1010,0.995908982501089,0.4060472582354962,0.7422250905461133,1.0,2.552897693915236
250000000.0,1001,2.5139785215341925,0.1976970111091593,0.0015866113205305129,13.654618473895582,136,996,0.9991564239849677,0.42408989655071866,0.7677622430409631,0.952047952047952,3.0735783089213857,1062,0.9928762263667806,0.18523420419840408,0.0015866113205305129,13.755020080321286,137,996,0.9991564239849681,0.41594894993498455,0.7626575037353981,1.0,3.0370650643178627,40.0,97,1243,2006,431,13707,1008,0.9983939243704163,0.19568478373733467,0.0015866113205305129,16.867469879518072,168,996,0.9980667533006652,0.43961202966117435,0.7866559639952242,1.0,1008,0.9994970646153974,0.19537081189438152,0.0015866113205305129,10.040160642570282,100,996,0.9967149333476402,0.41712141009821785,0.7008939493532138,1.0,1008,0.8644591539041175,0.1968178487893333,0.0015866113205305129,10.040160642570282,100,996,0.9967149333476402,0.4256253503548098,0.7008939493532138,1.0,2.28821181491539,2.3184551192619725,4.060608891066342,2850,25.0,10,0,2026-01-29T16:19:56.897751+00:00,starlink.tle,10,998,10000,0.15,"(5.0, 10.0, 15.0, 20.0)",turkey,0.7,5,30000.0,5000.0,656,0.6670117190439213,0.06031433899376964,0.0015866113205305129,6.024096385542169,60,996,0.9995723090854787,0.6388505274909358,0.9654220163820799,0.6158536585365854,2.1466006596546463,1078,0.9872893069884171,0.18296068847228228,0.0015866113205305129,14.859437751004016,148,996,0.9999910789486479,0.432562149001673,0.7742243782837304,1.0,4.35325364314309,0.07249700000102166,15.421797400020296,3.7431079000161844,1.3457517999922857,1.413524999989022,0.5766250000233413,1.4805198999965796,14.074268699994718,0.42797300000529503,0.08570260000124108,True,1008,2.1303100927410927,0.20597222061920745,0.0029263154048645096,12.14859437751004,121,996,0.997275762998013,0.42620505295794187,0.739469574476767,0.871031746031746,2.215608801275889,1104,0.999672978289047,0.17800037399143026,0.0029263154048645096,14.959839357429718,149,996,0.9991564239849681,0.4327538270746394,0.7676397398367603,1.0,3.0171147889106487,1008,2.39147590255115,0.20641171856281443,0.003519913626674752,7.228915662650603,72,996,0.9776784790496647,0.35959436816792045,0.6595543959176677,0.8670634920634921,1.1763664094231123,1110,0.9994394335796215,0.17649645089604066,0.00210722885247221,11.947791164658634,119,996,0.9978667692906958,0.4018960093480763,0.7322046572498685,1.0,2.639847180210101
250000000.0,1576,2.111133323621968,0.24660736519576285,0.003005792441102879,11.603585657370518,233,2008,0.9990748023332486,0.4248801059042913,0.7232580859017631,0.9460659898477157,4.479681864513154,1667,0.9956614461581531,0.23098348316892006,0.0025097791595761598,10.557768924302788,212,2008,0.9990748023332386,0.41842982063208345,0.707799377127179,1.0,4.50217009679766,40.0,135,1565,3164,281,6917,1587,0.9998298173616681,0.24228873045229687,0.001574456327779321,11.653386454183266,234,2008,0.9990026251410681,0.4127909785035285,0.7248265772858312,1.0,1587,0.9998298173616681,0.2418447239604494,0.001574456327779321,6.723107569721115,135,2008,0.9860458490018027,0.39638231979837896,0.6616733267969009,1.0,1587,0.9549051421771542,0.24255344665082373,0.001574456327779321,6.723107569721115,135,2008,0.9860458490018027,0.4003244999051556,0.6649625966955034,1.0,2.4434127995926347,2.469905421578065,4.863935524011298,3741,25.0,10,0,2026-01-29T16:19:56.897751+00:00,starlink.tle,10,1577,20000,0.15,"(5.0, 10.0, 15.0, 20.0)",turkey,0.7,1,30000.0,5000.0,880,0.5520235500820561,0.07044963282752931,0.0027435180337477996,2.9382470119521913,59,2008,0.9994689152108748,0.5951829346568378,0.938971570076,0.45795454545454545,1.9801797107267753,1725,0.9964256173024766,0.2233839905417146,0.0027002587813165033,12.699203187250996,255,2008,0.9998175529504548,0.41838001977281886,0.7442014299646958,1.0,5.822991129252789,0.09581949999846984,29.049474599996756,5.007753100006084,4.133474700007355,3.7009973000022,0.7928257999883499,1.115876500007289,13.75491509999847,0.7105032000181382,0.19872520000353688,True,1587,1.7790102666579626,0.25305757414813146,0.0023530253952189833,10.258964143426295,206,2008,0.9939335614648244,0.41682114425618927,0.7146244733935526,0.8827977315689981,4.704213018108523,1748,0.9971454849846754,0.21970948205828975,0.00235302539522031,10.756972111553784,216,2008,0.9978613881289644,0.42274739009242573,0.7073050616265159,1.0,4.538572100960543,1587,2.0931725385560696,0.2539935094477786,0.00332803288497358,6.274900398406374,126,2008,0.993664593645806,0.3735215967502859,0.6454057173182801,0.8890989287964713,2.237198914972538,1721,0.9974091092404888,0.22297251299412724,0.0027002587813165033,10.209163346613545,205,2008,0.9995691119387513,0.4035920493544849,0.7032926786288244,1.0,3.218034370991887
250000000.0,1523,3.2785226312767564,0.2792284989871337,0.002200060791508575,11.559009227780477,238,2059,0.9995091114266643,0.42500788898961395,0.7333197345510002,0.9212081418253447,4.57058625542748,1677,0.9946170336701988,0.2510255954610634,0.002200060791508575,11.60757649344342,239,2059,0.9995091114266643,0.41483783798899304,0.7322694257819405,1.0,4.806456641302908,40.0,147,1866,3218,295,7881,1614,0.9968483000441997,0.26146128387419526,0.0024034241591201623,11.898980087421078,245,2059,0.9997250887952501,0.4167807658800094,0.7343165619854862,1.0,1614,0.9968483000441997,0.2608798436266921,0.0024034241591201623,7.0908207867897035,146,2059,0.9997250887952501,0.39841418832712894,0.662049975269283,1.0,1614,0.9857832166967484,0.26164741126278707,0.0024034241591201623,7.0908207867897035,146,2059,0.9997250887952501,0.4045808540820059,0.66574992216954,1.0,3.117656475051705,3.117656475051705,5.984810918818544,7014,25.0,10,0,2026-01-29T16:19:56.897751+00:00,starlink.tle,10,1604,20000,0.15,"(5.0, 10.0, 15.0, 20.0)",turkey,0.7,2,30000.0,5000.0,861,1.8288052621516497,0.07459426061020169,0.0011012531296936221,3.011170471102477,62,2059,0.9995091114266643,0.5976431753566411,0.9220640117341182,0.47502903600464574,1.9783501093623848,1732,0.9966691573777053,0.24370515367719842,0.0011012531296936221,13.016027197668771,268,2059,0.9996921134666662,0.41919087295991375,0.7453648328290943,1.0,6.250239489501693,0.17374669999844627,29.717037700007495,4.355211499983852,3.771809199999552,3.7474846000040998,0.9022417999949539,1.1348093999913544,13.782195200001297,0.7502684000064619,0.1773968999987119,True,1614,2.3933022482260693,0.2723881266817324,0.0030706787107700525,11.121903836813987,229,2059,0.9996171372384351,0.4250027564545201,0.7251262534261591,0.8928128872366791,4.27946570529331,1761,0.9994613822587701,0.2389122239616398,0.0030706787107860883,12.870325400679942,265,2059,0.9995091114266643,0.4217248381795628,0.7418052069783057,1.0,5.707525839392195,1614,2.502527927172368,0.2755762441722858,0.003868046657401027,6.459446333171442,133,2059,0.9970513755981857,0.3692989015815393,0.6428546948453628,0.8779429987608426,2.44113065733643,1765,0.9949746180043398,0.23803657848952178,0.0011012531296936221,10.004856726566294,206,2059,0.9922805841193528,0.39867316172196676,0.6990550167215862,1.0,4.185801093863329
250000000.0,1490,4.106926457267679,0.27012865336313413,0.0011579497324428038,10.574018126888218,210,1986,0.9999024509491932,0.41434129144898424,0.7074007608344807,0.9308724832214765,4.448559134184366,1645,0.9996709847465451,0.2415181988245435,0.0011579497324428038,10.27190332326284,204,1986,0.9999024509492022,0.4000912913653319,0.7035629852740581,1.0,4.324247870454599,40.0,148,1685,3212,287,8038,1611,0.9982749516914622,0.24635765665519402,0.0011579497324428038,11.63141993957704,231,1986,0.9950876855939692,0.3960807697092057,0.7279758084379433,1.0,1611,0.9979295402840082,0.2459531558588269,0.0011579497324428038,6.545820745216516,130,1986,0.9950876855939692,0.37936447392644007,0.6633914408541711,1.0,1611,0.9193696120857946,0.24690031098543141,0.0011579497324428038,6.545820745216516,130,1986,0.9950876855939692,0.38723266953157087,0.6700529296000661,1.0,2.840231380712889,2.840231380712889,5.249564755421339,8388,25.0,10,0,2026-01-29T16:19:56.897751+00:00,starlink.tle,10,1601,20000,0.15,"(5.0, 10.0, 15.0, 20.0)",turkey,0.7,3,30000.0,5000.0,867,1.3860346213776418,0.08851114416832129,0.00351936483785803,3.9778449144008055,79,1986,0.9984254749281837,0.5833347315255945,0.9245662650074261,0.5098039215686274,2.1280414988256036,1672,0.997300251537617,0.2377498543705057,0.002353960968566218,13.39375629405841,266,1986,0.9984254749281837,0.40262956328496946,0.7524999869270865,1.0,5.7769437510427215,0.26073170000017853,31.918089800019516,4.267708599989419,3.683518299993011,3.9512377999926684,0.8638729999947827,1.0947746999954688,14.178277899998648,0.7373277000006055,0.200923900003545,True,1611,2.6674308716630044,0.2581631050967742,0.0024998858044418767,9.365558912386707,186,1986,0.9988868985616978,0.40381754444020074,0.691775752452728,0.8888888888888888,3.8064271964839254,1756,0.9985480494351728,0.22560008109587942,0.002353960968566218,10.67472306143001,212,1986,0.9950876855939692,0.39637241652889416,0.7102445082121198,1.0,4.104954036917957,1611,2.5394637372849287,0.25691019686484706,0.00275058327457189,4.431017119838872,88,1986,0.9979262097000754,0.3397690189776039,0.5918275883959551,0.8814400993171942,1.3996764070227063,1776,0.9996921753161697,0.2227342147643643,0.00275058327457189,9.415911379657603,187,1986,0.9944686950443734,0.3763532153893017,0.6897218992902143,1.0,3.791087320117967
250000000.0,1498,3.1425230946452176,0.26617555845105406,0.0015334751107645768,11.57314629258517,231,1996,0.9967365569933098,0.42637694674300475,0.7258437594108436,0.9312416555407209,3.8174865077585833,1619,0.9999830654993698,0.2446135308761024,0.0015334751107645768,11.623246492985972,232,1996,0.9967365569933098,0.4164627696472645,0.7248453251619351,1.0,4.042906503185018,40.0,152,1784,3110,385,10360,1560,0.9970438644556464,0.2540531293077324,0.002568299625807449,12.725450901803606,254,1996,0.9969720888623634,0.4137245224064407,0.745291315327222,1.0,1560,0.9970438644556464,0.25338857733225084,0.002568299625807449,7.364729458917836,147,1996,0.9969720888623634,0.39561060987847746,0.6637480257290491,1.0,1560,0.8909138044002124,0.2544087478551037,0.002568299625807449,7.364729458917836,147,1996,0.9969720888623634,0.4009954620686436,0.6651020363369413,1.0,2.9650173495179923,3.0648351858749434,5.314391257281358,4384,25.0,10,0,2026-01-29T16:19:56.897751+00:00,starlink.tle,10,1550,20000,0.15,"(5.0, 10.0, 15.0, 20.0)",turkey,0.7,4,30000.0,5000.0,832,1.7346448667587069,0.07971627920468032,0.002151893780864343,2.80561122244489,56,1996,0.9915218083152549,0.5474206425748399,0.9214203877057251,0.44350961538461536,1.753247519491312,1695,0.9961361234772026,0.23339486851604857,0.002151893780864343,12.074148296593187,241,1996,0.998365870232548,0.4127691702101054,0.735481324712338,1.0,5.664786541372278,0.10173279999435181,30.975612300004286,5.365479400017648,3.800278900009289,3.390728100006527,0.8385342999972636,1.3960041000027559,13.822877899998275,0.7111734000136494,0.19256289999611909,True,1560,1.9962374888847614,0.26522300838534574,0.004016758359066907,10.420841683366733,208,1996,0.9901272888980689,0.41869554017229477,0.7130925293259691,0.8884615384615384,4.060654437254587,1709,0.9919824068095859,0.2312559595669228,0.002151893780864343,11.823647294589179,236,1996,0.9990627199377082,0.4159660830465341,0.7314709513288957,1.0,4.529492774487026,1560,2.3458959681674214,0.2681228426454161,0.0045447723209300905,5.9118236472945895,118,1996,0.9985899006174657,0.3693336786348877,0.636066189764223,0.8698717948717949,1.977419754679035,1717,0.997571153493789,0.23000190545894475,0.0015334751107645768,9.268537074148297,185,1996,0.998365870232548,0.39789076420445446,0.6864451877297264,1.0,3.6376533913782945
250000000.0,1461,4.660092552596304,0.27638565330298126,0.0021256823817872583,10.33816425120773,214,2070,0.9991057435145216,0.41055667945141744,0.704558042064193,0.9288158795345653,4.333751062559748,1631,0.9989817385768074,0.24461064355771533,0.0021256823817872583,10.869565217391305,225,2070,0.9991057435145255,0.39743391499138075,0.7184291790778329,1.0,4.489607237587305,40.0,149,1902,3142,319,8761,1576,0.9938219189499745,0.25316426279026955,0.0024339065375979714,12.077294685990339,250,2070,0.9985809715701645,0.39730348105034424,0.7386617107098781,1.0,1576,0.997529794109783,0.25270337823244116,0.0024339065375979714,7.053140096618358,146,2070,0.9985809715701645,0.38082430840235126,0.6677634754444178,1.0,1576,0.9925192187369575,0.25361580754099755,0.0024339065375979714,7.053140096618358,146,2070,0.9985809715701645,0.38617894723966945,0.6698151879856244,1.0,3.0651163324390818,3.0651163324390818,6.098949457361137,5825,25.0,10,0,2026-01-29T16:19:56.897751+00:00,starlink.tle,10,1566,20000,0.15,"(5.0, 10.0, 15.0, 20.0)",turkey,0.7,5,30000.0,5000.0,836,1.6807984090882575,0.07942778222160095,0.003158276586337326,2.657004830917874,55,2070,0.9960005133942607,0.5680146609449349,0.9277984006523333,0.44138755980861244,1.5659273101265179,1742,0.9983033642268605,0.22961559406696114,0.0021256823817872583,13.429951690821255,278,2070,0.9960005133942607,0.4015553449482913,0.7488530893437096,1.0,6.096936129253212,0.1553111000030185,30.145450900010474,5.70915180000884,3.394244400005846,3.646075499986182,0.868953799988958,1.2593381000042427,13.73621439999988,0.7951507000034326,0.17728779999742983,True,1576,3.8672279774850686,0.2618319025574405,0.0024685754250415616,10.193236714975846,211,2070,0.9969442714937594,0.398482355620843,0.7054157078473957,0.8895939086294417,4.028646543204129,1763,0.9967062981167578,0.22540973242178813,0.0024685754250415616,10.483091787439614,217,2070,0.9985809715701645,0.3876963255253373,0.7137901885991383,1.0,3.926914406632411,1576,3.119295034920275,0.2643212600356031,0.003165592064821117,4.879227053140097,101,2070,0.9947034740549512,0.3423185097649859,0.6087163388579407,0.8769035532994924,1.517114819371383,1748,0.9928565981466169,0.2273480148668079,0.002873202968812793,9.033816425120772,187,2070,0.9960005133942607,0.3668134979388157,0.6790180038122644,1.0,4.131613745393689
250000000.0,1899,2.4933923968428164,0.30667209614392915,0.0035764662051698077,10.588235294117647,315,2975,0.9980561326573024,0.41815267421038776,0.7116802027289971,0.923117430226435,6.019228782062893,2070,0.9998173285436622,0.2781336323119112,0.0035764662051698077,9.747899159663865,290,2975,0.9980561326573038,0.40422046997446287,0.6933547282182845,1.0,5.876315257622571,40.0,252,2492,4084,360,8851,2047,0.9995647170429445,0.28146675615633854,0.002138510977002888,11.966386554621849,356,2975,0.9980561326573038,0.4088349773383725,0.730584349461671,1.0,2047,0.9996008883123777,0.2807772412982064,0.002138510977002888,5.983193277310924,178,2975,0.9980561326573038,0.3870017567638997,0.6487835369670972,1.0,2047,0.9773202204940139,0.28148231420781683,0.002138510977002888,5.983193277310924,178,2975,0.9980561326573038,0.3918846876296232,0.6512664131276292,1.0,2.7728028811277916,2.7728028811277916,6.636623581535657,5749,25.0,10,0,2026-01-29T16:19:56.897751+00:00,starlink.tle,10,2037,30000,0.15,"(5.0, 10.0, 15.0, 20.0)",turkey,0.7,1,30000.0,5000.0,974,0.7617964753350575,0.08029182641371543,0.003955994811816483,2.2857142857142856,68,2975,0.9922397973611257,0.6146958210584853,0.9342161096903753,0.38295687885010266,1.9340980317230234,2201,0.998675215175831,0.26215971806250216,0.001951586873124632,12.067226890756302,359,2975,0.9970148593705987,0.4119430423457164,0.7290803120114221,1.0,7.569292800828548,0.1558392000006279,46.766062399990915,7.487540899994201,6.158665699993435,6.230390400000033,1.266424300003564,1.3686397000055877,14.046167499996955,0.9924464999930933,0.25207940000109375,True,2047,2.1559969511814914,0.2892691181957697,0.003059016342672063,9.747899159663865,290,2975,0.990922706703031,0.42048353737357624,0.69963156883897,0.8954567659990229,4.695086126363498,2233,0.9980859025476633,0.25747741102940375,0.003059016342672063,10.016806722689076,298,2975,0.9980561326573038,0.41051914481526947,0.7001346182983976,1.0,5.600370517827152,2047,2.2120552960026454,0.2925117788737724,0.003515168975989446,5.815126050420168,173,2975,0.9942553689201638,0.3673048147880383,0.6308117928067607,0.8842208109428432,3.1104485890280458,2245,0.9980222289137273,0.25600364147880184,0.0033659300765241347,8.571428571428571,255,2975,0.9996690975784043,0.3886709061851795,0.6745991710262098,1.0,4.984511352212724
250000000.0,1837,3.784689552887116,0.34560156043129225,0.003905621505900513,11.197564276048714,331,2956,0.9957115004497137,0.41920563451470816,0.7150016934084493,0.8889493739793141,6.272213835893121,2115,0.9993830464034632,0.2969100815526712,0.003905621505900513,10.081190798376184,298,2956,0.9957115004497137,0.39957391861159064,0.7005628013661256,1.0,5.905289863758639,40.0,205,2281,4218,386,9931,2114,0.9990606892144521,0.29745702470647256,0.002799265122257388,10.825439783491204,320,2956,0.9999375763822557,0.3971702140655347,0.7147622048777695,1.0,2114,0.9990606892144521,0.2968486655954031,0.002799265122257388,5.886332882273343,174,2956,0.9999375763822557,0.37932777223542474,0.6530674643990599,1.0,2114,0.9361808117628714,0.2977006474541247,0.002799265122257388,5.852503382949933,173,2956,0.9999375763822557,0.3846152008746869,0.657472102758138,1.0,3.47783771293512,3.479336907061665,7.741816268284917,10454,25.0,10,0,2026-01-29T16:19:56.897751+00:00,starlink.tle,10,2104,30000,0.15,"(5.0, 10.0, 15.0, 20.0)",turkey,0.7,2,30000.0,5000.0,969,2.0508767813166546,0.08375251959062177,0.0038408822012880933,2.266576454668471,67,2956,0.9956553337348862,0.6091420278890752,0.9404641829397246,0.37254901960784315,1.9045710235650672,2308,0.9975109821757979,0.2728766650873298,0.0017011107620100742,11.907983761840324,352,2956,0.9995602627204917,0.4037716540946407,0.7286149163013065,1.0,7.247730783162935,0.23631770000065444,46.5062363999823,6.134403000003658,6.885954299999867,7.006822600007581,1.187911000000895,1.5123407999926712,13.894308399998408,1.0693649999957415,0.2504469999985304,True,2114,2.7175282220155497,0.3058420428644593,0.0017011107620100742,9.472259810554803,280,2956,0.999247976802237,0.4091276074225329,0.6924604544511687,0.890728476821192,5.578849223824897,2335,0.9984025320509707,0.26900141956669904,0.0017011107620100742,10.622462787550745,314,2956,0.9999375763822557,0.39851097501682303,0.7089132195230707,1.0,5.953024336138168,2114,2.61304351195957,0.3065390772252626,0.0025262823075692053,4.803788903924222,142,2956,0.9881232213570049,0.3564724359796025,0.6174240058497382,0.881267738883633,2.707021634655302,2333,0.9994665789721969,0.2686075410112625,0.0025262823075692053,9.032476319350474,267,2956,0.9991438973475993,0.38081319571358485,0.6787483851336904,1.0,4.677920579973496
250000000.0,1862,5.730905709009563,0.3240139157836546,0.003075050434261017,10.711952971913782,328,3062,0.9967850803599633,0.4087957378433956,0.710547498144764,0.9215896885069818,5.920032617169702,2111,0.9991055196299216,0.28210259256907216,0.003075050434261017,9.797517962116263,300,3062,0.9967850803599633,0.3819141590806308,0.6954087225763629,1.0,5.895618554037478,40.0,204,2254,4174,437,11845,2092,0.9917741084857766,0.2849980597623523,0.0016225759403983569,10.091443500979752,309,3062,0.9998111685522838,0.3826491839538299,0.7006109776643074,1.0,2092,0.999852719556219,0.28447395471341497,0.0016225759403983569,5.519268451992162,169,3062,0.9998111685522838,0.36754683242859354,0.6430741696110599,1.0,2092,0.9799813014385682,0.2854971226080783,0.0016225759403983569,5.519268451992162,169,3062,0.9998111685522838,0.3733847618604385,0.6495393652250758,1.0,3.261883238398627,3.303598507612416,6.5480957117745735,12868,25.0,10,0,2026-01-29T16:19:56.897751+00:00,starlink.tle,10,2082,30000,0.15,"(5.0, 10.0, 15.0, 20.0)",turkey,0.7,3,30000.0,5000.0,987,1.4478998104241094,0.09323738677109128,0.0030625632434930416,2.4167210973220117,74,3062,0.9984804051877179,0.5760534909782595,0.9264848032571796,0.39209726443769,2.2390734841267643,2220,0.9976071365304404,0.2685531415117391,0.0021236557399176084,9.99346832135859,306,3062,0.9984804051877179,0.37988819055368517,0.6997620117360225,1.0,6.517271009272438,0.38155660000484204,44.728620599998976,7.107981999986805,6.348178899999766,6.696520799996506,1.1338829999876907,1.6771925000066403,13.8101084000009,1.0309534999687457,0.2723245000015595,True,2092,2.7762718105427857,0.29287962714909316,0.002291611640902837,8.360548661005879,256,3062,0.9966550027054613,0.3965817805996308,0.6761525434080449,0.8948374760994264,5.003905585475659,2321,0.9989318158733809,0.25611904753494036,0.002291611640902837,9.568909209666884,293,3062,0.9991568982553914,0.3819542327584626,0.691571925358641,1.0,5.457056754985619,2092,2.8650671071103035,0.29420036833057067,0.0029080183447691235,4.474199869366427,137,3062,0.9992631215610742,0.34657482998504957,0.6095131059003501,0.8833652007648184,2.201869145186097,2318,0.998265251692585,0.25652052695316535,0.0021791136940402813,8.556499020248204,262,3062,0.9979719731846979,0.36721044990741764,0.6744058531185888,1.0,4.68559672707554
250000000.0,1778,3.235138827627112,0.33359332366103817,0.0026284856588062676,11.257840871574777,341,3029,0.9980619771322192,0.4325241410926055,0.7223600440044411,0.8942632170978627,6.6594859119026335,2022,0.9986023294874621,0.28993811705608447,0.0026284856588062676,9.937273027401783,301,3029,0.9980619771322113,0.40027233050691874,0.6975250815460553,1.0,5.978653012369146,40.0,212,2496,3990,504,12480,2000,0.9988484433683416,0.29350295761871337,0.002910300313593049,10.432485968966656,316,3029,0.9998249271572232,0.3985011618113617,0.7113344505894614,1.0,2000,0.9998072222523886,0.2927419712621031,0.002910300313593049,5.315285572796302,161,3029,0.9998249271572232,0.378746376469785,0.6426686582218417,1.0,2000,0.8987201684826778,0.2938170144495486,0.002910300313593049,5.315285572796302,161,3029,0.9998249271572232,0.3840613353469308,0.6496177163313168,1.0,2.883995736174911,2.883995736174911,7.12976737130081,6335,25.0,10,0,2026-01-29T16:19:56.897751+00:00,starlink.tle,10,1990,30000,0.15,"(5.0, 10.0, 15.0, 20.0)",turkey,0.7,4,30000.0,5000.0,944,2.827054445138539,0.10063773585887541,0.0031238996610469245,1.881809177946517,57,3029,0.9977190354198179,0.5544962724911834,0.9017515795590807,0.3601694915254237,1.6796114911689495,2196,0.9995047449133928,0.2669726375175832,0.002141068216554978,11.158798283261802,338,3029,0.9976305371297076,0.39669961682768873,0.7197095977298914,1.0,7.019744375777062,0.18464220000169007,40.45116130002134,6.976736800010258,5.849191799999971,6.342466699999932,1.1697263000023668,1.7911069999827305,13.957741899997927,0.9474434999938239,0.36156900000059977,True,2000,2.1823455019014455,0.3029831745207257,0.0031680681709759313,9.937273027401783,301,3029,0.9987347391003796,0.41463986574577133,0.7031239555771805,0.8855,5.609993227922865,2199,0.9978071395262978,0.2662564156350492,0.002999540411754149,9.871244635193133,299,3029,0.9998249271572232,0.4063421049437686,0.6980867163611163,1.0,5.739871737786199,2000,2.0667125049271524,0.30403575367064334,0.002910300313593049,4.324859689666557,131,3029,0.995067874586074,0.354535952407496,0.5950389772278174,0.8755,2.1759308231695242,2205,0.993785940046371,0.26486683205402445,0.0026284856588062676,7.230108946847144,219,3029,0.9998249271572232,0.3707785497136456,0.6530681399988948,1.0,3.3295797413681196
250000000.0,1732,7.177336411517713,0.342814404851556,0.00364130546210121,9.176788124156545,272,2964,0.9982583439606064,0.41104801131683877,0.6895402295120128,0.8926096997690531,5.13192863026471,2048,0.998123456342133,0.2875994157419101,0.0032892512411378176,8.87314439946019,263,2964,0.9982583439606066,0.3766991941110748,0.6809187314953168,1.0,5.485970871550731,40.0,203,2411,4090,285,6965,2050,0.9956435368354005,0.28774480324136537,0.0029545150523872365,10.762483130904183,319,2964,0.9969990950483824,0.37704528902031276,0.7096458570352547,1.0,2050,0.9963642448545362,0.28715500254442083,0.0029545150523872365,5.701754385964913,169,2964,0.9997757341776576,0.36132437535441925,0.6455560431479795,1.0,2050,0.9578736511142234,0.28788397280442235,0.0029545150523872365,5.701754385964913,169,2964,0.9997757341776576,0.3663830449664939,0.6536975657246841,1.0,3.1863697560904334,3.1863697560904334,6.856743282101724,8796,25.0,10,0,2026-01-29T16:19:56.897751+00:00,starlink.tle,10,2040,30000,0.15,"(5.0, 10.0, 15.0, 20.0)",turkey,0.7,5,30000.0,5000.0,972,2.7215888978725045,0.0937470402788231,0.003673216585139975,2.327935222672065,69,2964,0.997248226363571,0.5926834374761761,0.9230528621696695,0.39094650205761317,2.2340289859968694,2228,0.9998877179369088,0.2647976148403226,0.002600024390999263,11.133603238866396,330,2964,0.9993680446747147,0.38204109762120364,0.7216297505161443,1.0,7.184061941762353,0.1779506000020774,40.26181419999193,7.075867100007599,5.219755999998597,5.355718800012255,1.126537100004498,1.1667558000044664,14.205175000002782,0.9464487999794073,0.36802519999764627,True,2050,3.5112141943731427,0.29388107926370227,0.0031477332676445036,7.827260458839406,232,2964,0.989898109803796,0.3843038080123419,0.6680013266407259,0.9014634146341464,4.475510760009999,2272,0.9996474994920348,0.2587040932348818,0.0031477332676445036,8.805668016194332,261,2964,0.9999820313932427,0.3738444474990209,0.6765609870471835,1.0,5.520431827073586,2050,3.2163151553605847,0.29572847502812055,0.0031477332676445036,3.3063427800269904,98,2964,0.9850112679523086,0.3312791103261653,0.5716410652671332,0.8902439024390244,1.470542526288507,2277,0.99911693347252,0.25798882864672806,0.0031477332676445036,7.287449392712551,216,2964,0.997248226363571,0.35545795097315075,0.6507543121398268,1.0,3.922958904024528
250000000.0,2262,3.7518159382300347,0.4293692414607103,0.003222333131188055,10.020366598778004,492,4910,0.9971295529265205,0.42400962506806755,0.7002925231981264,0.8514588859416445,9.243283707751432,2728,0.9998805554566792,0.34996568312091847,0.003222333131188055,8.859470468431772,435,4910,0.9974700984062652,0.39131385763494264,0.6825072626391993,1.0,8.944517150055876,40.0,373,3421,5568,378,8856,2789,0.9986095481004897,0.34275703463876644,0.002732787407483717,10.040733197556008,493,4910,0.9962185085999595,0.39235374488138147,0.7019285776712435,1.0,2789,0.9986095481004897,0.34188688526377325,0.002732787407483717,4.1955193482688395,206,4910,0.9975297259249603,0.37137522798746037,0.6242769616414859,1.0,2789,0.9374302261099033,0.3425654458582481,0.002732787407483717,4.1955193482688395,206,4910,0.9962185085999595,0.37549593331048275,0.6295975578836682,1.0,3.919468173908038,4.006031124057774,10.373493611191185,9419,25.0,10,0,2026-01-29T16:19:56.897751+00:00,starlink.tle,10,2779,50000,0.15,"(5.0, 10.0, 15.0, 20.0)",turkey,0.7,1,30000.0,5000.0,1135,0.9818222448208345,0.09595738309160103,0.0021332403591263318,1.3441955193482689,66,4910,0.9967514905098008,0.5999500290882979,0.9513513621542647,0.3039647577092511,2.345473608457376,3083,0.9993846135095664,0.3098935756772794,0.0021332403591263318,9.266802443991853,455,4910,0.9990305779113606,0.38735988596274556,0.6851267428851385,1.0,9.484827474612374,0.30755450000287965,75.55268469999282,10.239165599989065,11.651263299987477,12.688259599999583,1.4997724000058952,1.4446975000028033,14.10814129999926,1.2365520000021206,0.5813820999974268,True,2789,3.1542556161434794,0.34625292732543866,0.003555611766214478,9.613034623217922,472,4910,0.9917396292544232,0.4138679158253172,0.6953071155721415,0.9003226963069201,8.15792585642164,3083,0.9989482372255251,0.3096142060846939,0.003555611766214478,9.246435845213849,454,4910,0.999827556977949,0.39574897510844903,0.6870836371956559,1.0,8.892092845818166,2789,2.904546551114806,0.34858803156731827,0.003222333131188055,5.112016293279022,251,4910,0.9969169115782699,0.35979892345073367,0.6118192916617748,0.8859806382215848,4.156439563399151,3104,0.9992381018833203,0.3069412254006273,0.003222333131188055,7.311608961303462,359,4910,0.9907568859297249,0.371090304102577,0.6531329269141629,1.0,6.144183443522551
250000000.0,2178,5.280042322518934,0.4855471522317195,0.0031272082743620524,7.766212970376301,388,4996,0.997903386643568,0.40090275760626853,0.6649723443044541,0.8140495867768595,7.262250911716421,2830,0.9992830849521142,0.36814299452174365,0.0031272082743620524,8.126501200960769,406,4996,0.997903386643568,0.37410734340362695,0.6672789717222589,1.0,8.19153238014222,40.0,292,2877,5894,271,6617,2952,0.9995298373420416,0.35269571496061086,0.0033463731681557915,7.8462770216172935,392,4996,0.998186292182006,0.36812750920624354,0.6573156878026079,1.0,2952,0.9995298373420416,0.35204711561133734,0.0033463731681557915,3.642914331465172,182,4996,0.9967846231492677,0.35381778628251154,0.613899477564716,1.0,2952,0.9719575593699669,0.35253269266847603,0.0033463731681557915,3.642914331465172,182,4996,0.9967846231492677,0.35693461021869344,0.6180267094936525,1.0,3.142138557365766,3.152357097129695,8.232101341159707,17651,25.0,10,0,2026-01-29T16:19:56.897751+00:00,starlink.tle,10,2942,50000,0.15,"(5.0, 10.0, 15.0, 20.0)",turkey,0.7,2,30000.0,5000.0,1116,0.995362335673597,0.09999747823596646,0.0018501949245498665,1.1609287429943955,58,4996,0.9982452995497015,0.5695559266227244,0.9375268241680296,0.31899641577060933,2.0865764847876904,3190,0.9994986970068244,0.32638990907979204,0.0018501949245498665,8.526821457165733,426,4996,0.9992443728118703,0.3698437940462754,0.6764936325185686,1.0,9.147125498503542,0.4401291000031051,67.19527409998409,10.006727699983458,12.074223700008588,13.078542400005972,1.2237390000154846,1.104479799992987,13.715594799999963,1.3993252999935066,0.45669939999788767,True,2952,4.046797610744997,0.3575850564088454,0.0035085462451367386,10.388310648518814,519,4996,0.9995881368762404,0.41616434389733725,0.7062944512408883,0.8848238482384824,8.968910662273045,3365,0.9996323058545715,0.3095456368117053,0.0035085462451367386,9.087269815852682,454,4996,0.998935656236943,0.3795131719434582,0.6823880309736475,1.0,7.994651684016561,2952,2.91992137112677,0.35742278390782706,0.0038177419789933767,5.66453162530024,283,4996,0.9960371198067657,0.3604463416514332,0.6137565175179304,0.8848238482384824,4.237755102020289,3361,0.9996465677032781,0.3094017555718998,0.003453920512127213,6.66533226581265,333,4996,0.9983257211413367,0.355634752747959,0.6346587489325461,1.0,6.328613194440448
250000000.0,2202,6.52030105050331,0.4573917238538057,0.003315701011600667,8.501208702659145,422,4964,0.9999458640384501,0.3975907647469285,0.6767931843794531,0.8424159854677565,7.699421051472619,2811,0.9982621586126897,0.35242869063266635,0.003315701011600667,7.4939564867042705,372,4964,0.9999458640384546,0.35581428789060404,0.6562459296157735,1.0,6.848909518271374,40.0,309,3481,5666,276,7485,2838,0.9999202871709895,0.34965304988921725,0.0013760052908432334,9.045124899274779,449,4964,0.996273920238927,0.36234305646038284,0.6862690268289645,1.0,2838,0.9999202871709895,0.3488776910191098,0.0019727859336505634,4.290894439967768,213,4964,0.9970824715280688,0.3452320577919442,0.6221511682830344,1.0,2838,0.9533169815233525,0.34933676573063766,0.0019727859336505634,4.290894439967768,213,4964,0.9970824715280688,0.3472621773518414,0.6248690912452946,1.0,3.900793811821026,3.900793811821026,8.605370527210829,20627,25.0,10,0,2026-01-29T16:19:56.897751+00:00,starlink.tle,10,2828,50000,0.15,"(5.0, 10.0, 15.0, 20.0)",turkey,0.7,3,30000.0,5000.0,1135,2.447159854727359,0.11081478738843654,0.0021855992306046295,1.20870265914585,60,4964,0.999267292176206,0.5386809554200895,0.9176503659751234,0.3013215859030837,1.8357248843341827,3137,0.9999272099597448,0.3160685324193359,0.0016885114089383389,9.246575342465754,459,4964,0.999267292176206,0.35872332528217865,0.6809251603725189,1.0,10.728095683393859,0.6607303000055254,68.28089230001206,9.100543799999286,11.046312300000864,12.139412699994864,1.3307561999899917,1.1260694999946281,14.129553699996904,1.2286303000000771,0.47507469999982277,True,2838,4.029726015810884,0.35352432841492565,0.0017959937366531392,8.360193392425463,415,4964,0.9989611017094415,0.38914034871393105,0.6725353690295616,0.8858350951374208,7.597686905582705,3260,0.9979813214076703,0.3038176199357933,0.0017959937366531392,8.098307816277195,402,4964,0.9969802574088207,0.36254251678972726,0.6676869700536112,1.0,7.392653061985783,2838,5.169804028411661,0.356361849292333,0.002521374014423305,4.693795326349718,233,4964,0.9994492040650745,0.3433890036798396,0.6026483605480064,0.8724453840732911,3.5268658294756876,3273,0.9990050424184973,0.3025695155813238,0.002521374014423305,7.171635777598711,356,4964,0.9998937074158819,0.34657024184222024,0.647958113010698,1.0,6.531067032134108
250000000.0,2199,4.073472477895223,0.44384505130180424,0.003242987048846938,9.324627627014895,457,4901,0.9998352499495361,0.4132544565427866,0.691553039918833,0.8408367439745339,7.405880579318012,2740,0.9991785814093294,0.3517653738182843,0.003242987048846938,8.141195674352174,399,4901,0.9998352499495362,0.37161281935219176,0.6636964359418179,1.0,6.675678838937502,40.0,334,3317,5540,185,5389,2775,0.9999081326717776,0.3480262623904677,0.002542477319436647,9.059375637624974,444,4901,0.9997645577783997,0.37740400633901944,0.6829477897545011,1.0,2775,0.9999081326717776,0.34726196105911294,0.003842574896376822,4.019587839216486,197,4901,0.9997645577783997,0.3596374744335497,0.6219334164925484,1.0,2775,0.9824159627748684,0.34759344992376856,0.003842574896376822,4.019587839216486,197,4901,0.9997645577783997,0.3619396089527714,0.626827136450999,1.0,2.92067193811597,2.92067193811597,8.637782804791584,10656,25.0,10,0,2026-01-29T16:19:56.897751+00:00,starlink.tle,10,2765,50000,0.15,"(5.0, 10.0, 15.0, 20.0)",turkey,0.7,4,30000.0,5000.0,1078,5.660426890257625,0.13574599765011355,0.0031438359792729516,1.1630279534788819,57,4901,0.9989676004172836,0.5199425992811545,0.917467070288845,0.3033395176252319,1.9932169756645364,3023,0.9998962151146675,0.31944810223285736,0.0022031789877790518,8.651295653948173,424,4901,0.9997645577783891,0.3718460207092673,0.6749051319500327,1.0,9.031308748448922,0.2935367000027327,52.37421460000769,9.998017800004163,9.890526999988651,11.493404300003021,1.440855399981956,0.9110572000063257,14.022569900000235,1.2294463000216638,0.4451325000045472,True,2775,2.7471509875733235,0.3519730600707931,0.004435379903155807,8.896143644154254,436,4901,0.9957265523966061,0.407528968669903,0.6855059459860398,0.8908108108108108,8.405109304777854,3137,0.9997110686095136,0.3071157957951719,0.004435379903155807,7.8351356865945725,384,4901,0.9922317100314533,0.3777935851617487,0.6671947150484583,1.0,7.439390292635649,2775,3.051473770415739,0.35318526036923037,0.004670429386091951,5.1214037951438485,251,4901,0.9959399541236463,0.35908349805794576,0.6206967322101328,0.8854054054054054,3.7340842597762736,3132,0.9984666329777202,0.3076042857021466,0.0031438359792729516,6.896551724137931,338,4901,0.9999355382708786,0.359194053681474,0.6362956054394892,1.0,6.1896135327559785
250000000.0,2205,10.184247116399414,0.4503374717288759,0.002703403106635611,8.884008784188461,445,5009,0.9990645721019786,0.40315256698436386,0.6817962178925687,0.8503401360544217,7.472049217744555,2827,0.999168269409795,0.3461952666133062,0.002703403106635611,8.285086843681373,415,5009,0.9990645721019786,0.35470840130857645,0.6670765027888644,1.0,7.695367699081624,40.0,353,3657,5670,255,7248,2840,0.999699780835823,0.34513930062250053,0.0022648502774145164,9.542822918746257,478,5009,0.9971979648737165,0.36141652368460625,0.6910134915684245,1.0,2840,0.9991063684389643,0.34432415054008686,0.0022648502774145164,4.531842683170294,227,5009,0.9866909786420097,0.34439865344772963,0.6288563936600134,1.0,2840,0.9844946760147335,0.34479300847061173,0.0022648502774145164,4.531842683170294,227,5009,0.9866909786420097,0.3479786654572766,0.6341199218019086,1.0,3.617924002637687,3.617924002637687,9.06044079359333,14769,25.0,10,0,2026-01-29T16:19:56.897751+00:00,starlink.tle,10,2830,50000,0.15,"(5.0, 10.0, 15.0, 20.0)",turkey,0.7,5,30000.0,5000.0,1130,5.346719298546027,0.12246812673655165,0.001187463475350778,1.4773407865841486,74,5009,0.9996050684676109,0.5501347947871416,0.9212125383521816,0.33185840707964603,2.2156662439766657,3119,0.999780420654454,0.31399951842023177,0.001187463475350778,9.762427630265522,489,5009,0.9996050684676109,0.3601995606698055,0.6889965891784672,1.0,10.558177785948683,0.3246536000006017,54.577120699999796,8.553647500018997,8.822579199993925,8.274904600002628,1.2957299000117928,0.8546934999976656,13.643711999997322,1.0225711000093725,0.4884764999951585,True,2840,4.304783556509506,0.3495561896002102,0.0018687666063465554,9.303254142543421,466,5009,0.9984306247513294,0.3948256631021175,0.6920941637620415,0.8926056338028169,8.480585390119561,3276,0.9986126963260112,0.2986208221290373,0.0018687666063465554,9.003793172289878,451,5009,0.9978767514357402,0.36494282627900937,0.6858613528933631,1.0,9.09438489250203,2840,5.213547691026824,0.34896515821020535,0.002984868977712743,4.851267718107406,243,5009,0.9932737207078042,0.33933517785223016,0.6079511533383676,0.8908450704225352,3.7573378921483167,3260,0.9991763144163336,0.2994695906177097,0.002703403106635611,7.107207027350769,356,5009,0.9978767514357402,0.3407089261710773,0.6533732994460731,1.0,6.191209482450303
