ok,seed,n_users,total_sats,n_planes,sats_per_plane,snapshot_time_utc_iso,payload_feasible,K,U_mean,U_max,ent_edge_pct,best_m,ms_n_active,payload_n_viol_K,payload_n_viol_T,payload_K_over_sum,payload_T_over_sum,runtime_total_s
1,1,1000,72,6,12,2026-01-01T00:00:00Z,0,,,,,1.0,1.0,1.0,1.0,30.0,3.999424480163249,
1,2,1000,72,6,12,2026-01-01T00:00:00Z,0,,,,,1.0,1.0,1.0,1.0,18.0,11.387586576256957,
1,3,1000,72,6,12,2026-01-01T00:00:00Z,0,,,,,1.0,1.0,0.0,1.0,0.0,4.710019001297422,
1,4,1000,72,6,12,2026-01-01T00:00:00Z,0,,,,,2.0,2.0,1.0,1.0,38.0,13.508928052489345,
1,5,1000,72,6,12,2026-01-01T00:00:00Z,1,146.0,0.29806361371834317,3.09130585345964,3.9215686274509802,2.0,2.0,0.0,0.0,0.0,0.0,0.21188780000375118
1,1,2000,72,6,12,2026-01-01T00:00:00Z,0,,,,,1.0,1.0,1.0,1.0,93.0,33.80327268029423,
1,2,2000,72,6,12,2026-01-01T00:00:00Z,0,,,,,1.0,1.0,1.0,1.0,93.0,45.229659430818515,
1,3,2000,72,6,12,2026-01-01T00:00:00Z,0,,,,,1.0,1.0,1.0,1.0,44.0,36.6500318148355,
1,4,2000,72,6,12,2026-01-01T00:00:00Z,0,,,,,1.0,1.0,1.0,1.0,129.0,64.92884091183777,
1,5,2000,72,6,12,2026-01-01T00:00:00Z,0,,,,,1.0,1.0,1.0,1.0,50.0,32.024063069370165,
1,1,3000,72,6,12,2026-01-01T00:00:00Z,0,,,,,1.0,1.0,1.0,1.0,167.0,64.02420839189155,
1,2,3000,72,6,12,2026-01-01T00:00:00Z,0,,,,,1.0,1.0,1.0,1.0,142.0,80.40170199597924,
1,3,3000,72,6,12,2026-01-01T00:00:00Z,0,,,,,1.0,1.0,1.0,1.0,97.0,72.63506330474446,
1,4,3000,72,6,12,2026-01-01T00:00:00Z,0,,,,,1.0,1.0,1.0,1.0,187.0,113.1765627123284,
1,5,3000,72,6,12,2026-01-01T00:00:00Z,0,,,,,1.0,1.0,1.0,1.0,107.0,68.00600907738524,
1,1,1000,72,8,9,2026-01-01T00:00:00Z,0,,,,,2.0,2.0,0.0,1.0,0.0,0.9673036858813298,
1,2,1000,72,8,9,2026-01-01T00:00:00Z,0,,,,,2.0,2.0,0.0,1.0,0.0,2.876787683305004,
1,3,1000,72,8,9,2026-01-01T00:00:00Z,0,,,,,2.0,2.0,0.0,1.0,0.0,2.352957547861724,
1,4,1000,72,8,9,2026-01-01T00:00:00Z,1,30.0,0.291687542241526,1.6769416186211004,0.0,1.0,1.0,0.0,0.0,0.0,0.0,0.06810150000455906
1,5,1000,72,8,9,2026-01-01T00:00:00Z,1,53.0,0.26888381451538707,0.8591200464777429,0.0,1.0,1.0,0.0,0.0,0.0,0.0,0.04661879999912344
1,1,2000,72,8,9,2026-01-01T00:00:00Z,0,,,,,2.0,2.0,1.0,1.0,19.0,21.47771188185036,
1,2,2000,72,8,9,2026-01-01T00:00:00Z,0,,,,,1.0,1.0,0.0,1.0,0.0,31.334859812298667,
1,3,2000,72,8,9,2026-01-01T00:00:00Z,0,,,,,1.0,1.0,1.0,1.0,16.0,32.87062208843155,
1,4,2000,72,8,9,2026-01-01T00:00:00Z,1,68.0,0.28009839335529557,1.7975924503106633,0.0,1.0,1.0,0.0,0.0,0.0,0.0,0.12447350000002189
1,5,2000,72,8,9,2026-01-01T00:00:00Z,0,,,,,1.0,1.0,0.0,1.0,0.0,3.871401337172429,
1,1,3000,72,8,9,2026-01-01T00:00:00Z,0,,,,,1.0,1.0,1.0,1.0,55.0,49.826165472658275,
1,2,3000,72,8,9,2026-01-01T00:00:00Z,0,,,,,1.0,1.0,1.0,1.0,22.0,57.5897433876485,
1,3,3000,72,8,9,2026-01-01T00:00:00Z,0,,,,,1.0,1.0,1.0,1.0,43.0,61.22888844905239,
1,4,3000,72,8,9,2026-01-01T00:00:00Z,1,88.0,0.2669917288156865,2.3641716699591533,0.0,1.0,1.0,0.0,0.0,0.0,0.0,0.2414645999961067
1,5,3000,72,8,9,2026-01-01T00:00:00Z,0,,,,,1.0,1.0,1.0,1.0,12.0,16.01114638238564,
1,1,1000,72,12,6,2026-01-01T00:00:00Z,0,,,,,2.0,2.0,1.0,1.0,30.0,3.999424480163249,
1,2,1000,72,12,6,2026-01-01T00:00:00Z,0,,,,,2.0,2.0,1.0,1.0,18.0,11.387586576256957,
1,3,1000,72,12,6,2026-01-01T00:00:00Z,0,,,,,2.0,2.0,0.0,1.0,0.0,4.710019001297422,
1,4,1000,72,12,6,2026-01-01T00:00:00Z,0,,,,,2.0,2.0,1.0,1.0,51.0,20.44688319684944,
1,5,1000,72,12,6,2026-01-01T00:00:00Z,0,,,,,2.0,2.0,0.0,1.0,0.0,2.1382706823409805,
1,1,2000,72,12,6,2026-01-01T00:00:00Z,0,,,,,1.0,1.0,1.0,1.0,93.0,33.80327268029423,
1,2,2000,72,12,6,2026-01-01T00:00:00Z,0,,,,,1.0,1.0,1.0,1.0,93.0,45.229659430818515,
1,3,2000,72,12,6,2026-01-01T00:00:00Z,0,,,,,1.0,1.0,1.0,1.0,44.0,36.6500318148355,
1,4,2000,72,12,6,2026-01-01T00:00:00Z,0,,,,,1.0,1.0,1.0,1.0,129.0,64.92884091183777,
1,5,2000,72,12,6,2026-01-01T00:00:00Z,0,,,,,1.0,1.0,1.0,1.0,50.0,32.024063069370165,
1,1,3000,72,12,6,2026-01-01T00:00:00Z,0,,,,,1.0,1.0,1.0,1.0,167.0,64.02420839189155,
1,2,3000,72,12,6,2026-01-01T00:00:00Z,0,,,,,1.0,1.0,1.0,1.0,142.0,80.40170199597924,
1,3,3000,72,12,6,2026-01-01T00:00:00Z,0,,,,,1.0,1.0,1.0,1.0,97.0,72.63506330474446,
1,4,3000,72,12,6,2026-01-01T00:00:00Z,0,,,,,1.0,1.0,1.0,1.0,187.0,113.1765627123284,
1,5,3000,72,12,6,2026-01-01T00:00:00Z,0,,,,,1.0,1.0,1.0,1.0,107.0,68.00600907738524,
1,1,1000,96,6,16,2026-01-01T00:00:00Z,0,,,,,3.0,3.0,1.0,1.0,23.0,4.883866393249118,
1,2,1000,96,6,16,2026-01-01T00:00:00Z,0,,,,,3.0,3.0,1.0,1.0,1.0,11.771793062340954,
1,3,1000,96,6,16,2026-01-01T00:00:00Z,0,,,,,3.0,3.0,1.0,2.0,40.0,9.520400619937757,
1,4,1000,96,6,16,2026-01-01T00:00:00Z,1,176.0,0.2498340085665631,1.9305644668514388,4.615384615384615,3.0,3.0,0.0,0.0,0.0,0.0,1.3858981000012136
1,5,1000,96,6,16,2026-01-01T00:00:00Z,0,,,,,3.0,3.0,1.0,1.0,21.0,8.55737278288482,
1,1,2000,96,6,16,2026-01-01T00:00:00Z,0,,,,,1.0,1.0,1.0,1.0,247.0,67.84184030073678,
1,2,2000,96,6,16,2026-01-01T00:00:00Z,0,,,,,1.0,1.0,1.0,1.0,196.0,93.19992956183353,
1,3,2000,96,6,16,2026-01-01T00:00:00Z,0,,,,,1.0,1.0,1.0,1.0,249.0,84.44193843603247,
1,4,2000,96,6,16,2026-01-01T00:00:00Z,0,,,,,1.0,1.0,1.0,1.0,179.0,65.20525110535351,
1,5,2000,96,6,16,2026-01-01T00:00:00Z,0,,,,,1.0,1.0,1.0,1.0,229.0,87.41802983410611,
1,1,3000,96,6,16,2026-01-01T00:00:00Z,0,,,,,1.0,1.0,1.0,1.0,341.0,113.07370064190826,
1,2,3000,96,6,16,2026-01-01T00:00:00Z,0,,,,,1.0,1.0,1.0,1.0,302.0,152.19971504532683,
1,3,3000,96,6,16,2026-01-01T00:00:00Z,0,,,,,1.0,1.0,1.0,1.0,341.0,144.03533440332055,
1,4,3000,96,6,16,2026-01-01T00:00:00Z,0,,,,,1.0,1.0,1.0,1.0,246.0,101.40806148190133,
1,5,3000,96,6,16,2026-01-01T00:00:00Z,0,,,,,1.0,1.0,1.0,1.0,300.0,131.7304471822839,
1,1,1000,96,8,12,2026-01-01T00:00:00Z,1,157.0,0.23672718468331766,1.425993350162625,6.382978723404255,2.0,2.0,0.0,0.0,0.0,0.0,0.382291299993085
1,2,1000,96,8,12,2026-01-01T00:00:00Z,0,,,,,3.0,3.0,0.0,2.0,0.0,12.30475325702125,
1,3,1000,96,8,12,2026-01-01T00:00:00Z,0,,,,,3.0,3.0,0.0,1.0,0.0,4.710019001297422,
1,4,1000,96,8,12,2026-01-01T00:00:00Z,0,,,,,3.0,3.0,1.0,2.0,30.0,17.806480744586743,
1,5,1000,96,8,12,2026-01-01T00:00:00Z,0,,,,,3.0,3.0,1.0,1.0,6.0,11.778329209509025,
1,1,2000,96,8,12,2026-01-01T00:00:00Z,0,,,,,1.0,1.0,1.0,1.0,93.0,33.80327268029423,
1,2,2000,96,8,12,2026-01-01T00:00:00Z,0,,,,,1.0,1.0,1.0,1.0,93.0,45.229659430818515,
1,3,2000,96,8,12,2026-01-01T00:00:00Z,0,,,,,1.0,1.0,1.0,1.0,44.0,36.6500318148355,
1,4,2000,96,8,12,2026-01-01T00:00:00Z,0,,,,,1.0,1.0,1.0,1.0,129.0,64.92884091183777,
1,5,2000,96,8,12,2026-01-01T00:00:00Z,0,,,,,1.0,1.0,1.0,1.0,50.0,32.024063069370165,
1,1,3000,96,8,12,2026-01-01T00:00:00Z,0,,,,,1.0,1.0,1.0,1.0,167.0,64.02420839189155,
1,2,3000,96,8,12,2026-01-01T00:00:00Z,0,,,,,1.0,1.0,1.0,1.0,142.0,80.40170199597924,
1,3,3000,96,8,12,2026-01-01T00:00:00Z,0,,,,,1.0,1.0,1.0,1.0,97.0,72.63506330474446,
1,4,3000,96,8,12,2026-01-01T00:00:00Z,0,,,,,1.0,1.0,1.0,1.0,187.0,113.1765627123284,
1,5,3000,96,8,12,2026-01-01T00:00:00Z,0,,,,,1.0,1.0,1.0,1.0,107.0,68.00600907738524,
1,1,1000,96,12,8,2026-01-01T00:00:00Z,0,,,,,3.0,3.0,2.0,1.0,111.0,15.403996312888438,
1,2,1000,96,12,8,2026-01-01T00:00:00Z,0,,,,,1.0,1.0,1.0,1.0,84.0,35.967339743793005,
1,3,1000,96,12,8,2026-01-01T00:00:00Z,0,,,,,3.0,3.0,1.0,1.0,102.0,22.053040141071996,
1,4,1000,96,12,8,2026-01-01T00:00:00Z,0,,,,,3.0,3.0,2.0,2.0,75.0,22.61271600340704,
1,5,1000,96,12,8,2026-01-01T00:00:00Z,0,,,,,2.0,2.0,1.0,1.0,79.0,28.446439260754858,
1,1,2000,96,12,8,2026-01-01T00:00:00Z,0,,,,,1.0,1.0,1.0,1.0,247.0,67.84184030073678,
1,2,2000,96,12,8,2026-01-01T00:00:00Z,0,,,,,1.0,1.0,1.0,1.0,196.0,93.19992956183353,
1,3,2000,96,12,8,2026-01-01T00:00:00Z,0,,,,,1.0,1.0,1.0,1.0,249.0,84.44193843603247,
1,4,2000,96,12,8,2026-01-01T00:00:00Z,0,,,,,1.0,1.0,1.0,1.0,179.0,65.20525110535351,
1,5,2000,96,12,8,2026-01-01T00:00:00Z,0,,,,,1.0,1.0,1.0,1.0,229.0,87.41802983410611,
1,1,3000,96,12,8,2026-01-01T00:00:00Z,0,,,,,1.0,1.0,1.0,1.0,341.0,113.07370064190826,
1,2,3000,96,12,8,2026-01-01T00:00:00Z,0,,,,,1.0,1.0,1.0,1.0,302.0,152.19971504532683,
1,3,3000,96,12,8,2026-01-01T00:00:00Z,0,,,,,1.0,1.0,1.0,1.0,341.0,144.03533440332055,
1,4,3000,96,12,8,2026-01-01T00:00:00Z,0,,,,,1.0,1.0,1.0,1.0,246.0,101.40806148190133,
1,5,3000,96,12,8,2026-01-01T00:00:00Z,0,,,,,1.0,1.0,1.0,1.0,300.0,131.7304471822839,
1,1,1000,120,6,20,2026-01-01T00:00:00Z,0,,,,,4.0,4.0,2.0,1.0,85.0,24.731540311775788,
1,2,1000,120,6,20,2026-01-01T00:00:00Z,0,,,,,4.0,4.0,2.0,1.0,67.0,30.702261272429283,
1,3,1000,120,6,20,2026-01-01T00:00:00Z,0,,,,,4.0,4.0,1.0,1.0,64.0,26.14621162276341,
1,4,1000,120,6,20,2026-01-01T00:00:00Z,0,,,,,4.0,4.0,1.0,1.0,99.0,17.500562473314353,
1,5,1000,120,6,20,2026-01-01T00:00:00Z,0,,,,,3.0,3.0,2.0,2.0,46.0,21.467464660492247,
1,1,2000,120,6,20,2026-01-01T00:00:00Z,0,,,,,1.0,1.0,1.0,1.0,311.0,85.96442738091864,
1,2,2000,120,6,20,2026-01-01T00:00:00Z,0,,,,,1.0,1.0,1.0,1.0,306.0,94.50152446593032,
1,3,2000,120,6,20,2026-01-01T00:00:00Z,0,,,,,1.0,1.0,1.0,1.0,272.0,79.78163355079121,
1,4,2000,120,6,20,2026-01-01T00:00:00Z,0,,,,,1.0,1.0,1.0,1.0,326.0,89.0722325146163,
1,5,2000,120,6,20,2026-01-01T00:00:00Z,0,,,,,1.0,1.0,1.0,1.0,257.0,66.20072295355367,
1,1,3000,120,6,20,2026-01-01T00:00:00Z,0,,,,,1.0,1.0,1.0,1.0,445.0,141.21086550886497,
1,2,3000,120,6,20,2026-01-01T00:00:00Z,0,,,,,1.0,1.0,1.0,1.0,397.0,144.23464002872558,
1,3,3000,120,6,20,2026-01-01T00:00:00Z,0,,,,,1.0,1.0,1.0,1.0,395.0,132.48073350813738,
1,4,3000,120,6,20,2026-01-01T00:00:00Z,0,,,,,1.0,1.0,1.0,1.0,450.0,143.00330281969462,
1,5,3000,120,6,20,2026-01-01T00:00:00Z,0,,,,,1.0,1.0,1.0,1.0,374.0,111.92557851967427,
1,1,1000,120,8,15,2026-01-01T00:00:00Z,0,,,,,1.0,1.0,1.0,1.0,193.0,30.29516848050404,
1,2,1000,120,8,15,2026-01-01T00:00:00Z,0,,,,,1.0,1.0,1.0,1.0,158.0,39.10569960148417,
1,3,1000,120,8,15,2026-01-01T00:00:00Z,0,,,,,1.0,1.0,1.0,1.0,193.0,35.63985046520851,
1,4,1000,120,8,15,2026-01-01T00:00:00Z,0,,,,,1.0,1.0,1.0,1.0,148.0,33.01107947674286,
1,5,1000,120,8,15,2026-01-01T00:00:00Z,0,,,,,1.0,1.0,1.0,1.0,164.0,39.99166083123739,
1,1,2000,120,8,15,2026-01-01T00:00:00Z,0,,,,,1.0,1.0,1.0,1.0,334.0,85.92417116971893,
1,2,2000,120,8,15,2026-01-01T00:00:00Z,0,,,,,1.0,1.0,1.0,1.0,310.0,102.94305768792748,
1,3,2000,120,8,15,2026-01-01T00:00:00Z,0,,,,,1.0,1.0,1.0,1.0,337.0,99.59343533679069,
1,4,2000,120,8,15,2026-01-01T00:00:00Z,0,,,,,1.0,1.0,1.0,1.0,292.0,96.82134956801269,
1,5,2000,120,8,15,2026-01-01T00:00:00Z,0,,,,,1.0,1.0,1.0,1.0,325.0,104.78055116256465,
1,1,3000,120,8,15,2026-01-01T00:00:00Z,0,,,,,1.0,1.0,1.0,1.0,478.0,147.2016532315245,
1,2,3000,120,8,15,2026-01-01T00:00:00Z,0,,,,,1.0,1.0,1.0,1.0,466.0,165.9589028650974,
1,3,3000,120,8,15,2026-01-01T00:00:00Z,0,,,,,1.0,1.0,1.0,1.0,486.0,166.730588725118,
1,4,3000,120,8,15,2026-01-01T00:00:00Z,0,,,,,1.0,1.0,1.0,1.0,393.0,151.34428225177916,
1,5,3000,120,8,15,2026-01-01T00:00:00Z,0,,,,,1.0,1.0,1.0,1.0,450.0,160.40472877597398,
1,1,1000,120,12,10,2026-01-01T00:00:00Z,0,,,,,3.0,3.0,1.0,1.0,75.0,19.911407920295524,
1,2,1000,120,12,10,2026-01-01T00:00:00Z,1,138.0,0.31496928301090465,1.5188309768959147,10.0,2.0,2.0,0.0,0.0,0.0,0.0,0.3596447999989323
1,3,1000,120,12,10,2026-01-01T00:00:00Z,0,,,,,3.0,3.0,1.0,2.0,28.0,2.790254776178891,
1,4,1000,120,12,10,2026-01-01T00:00:00Z,0,,,,,2.0,2.0,0.0,1.0,0.0,1.6424157255740504,
1,5,1000,120,12,10,2026-01-01T00:00:00Z,0,,,,,3.0,3.0,0.0,1.0,0.0,8.422734577223608,
1,1,2000,120,12,10,2026-01-01T00:00:00Z,0,,,,,3.0,3.0,1.0,1.0,149.0,66.21647087257081,
1,2,2000,120,12,10,2026-01-01T00:00:00Z,0,,,,,1.0,1.0,1.0,1.0,130.0,50.02116001938845,
1,3,2000,120,12,10,2026-01-01T00:00:00Z,0,,,,,1.0,1.0,1.0,1.0,227.0,66.7876915317734,
1,4,2000,120,12,10,2026-01-01T00:00:00Z,0,,,,,1.0,1.0,1.0,1.0,134.0,60.58539513090777,
1,5,2000,120,12,10,2026-01-01T00:00:00Z,0,,,,,1.0,1.0,1.0,1.0,202.0,76.44921959170742,
1,1,3000,120,12,10,2026-01-01T00:00:00Z,0,,,,,3.0,3.0,1.0,1.0,196.0,110.45410233152467,
1,2,3000,120,12,10,2026-01-01T00:00:00Z,0,,,,,1.0,1.0,1.0,1.0,233.0,82.49402600639385,
1,3,3000,120,12,10,2026-01-01T00:00:00Z,0,,,,,1.0,1.0,1.0,1.0,298.0,114.26069050104184,
1,4,3000,120,12,10,2026-01-01T00:00:00Z,0,,,,,1.0,1.0,1.0,1.0,182.0,95.60468942537179,
1,5,3000,120,12,10,2026-01-01T00:00:00Z,0,,,,,1.0,1.0,1.0,1.0,264.0,110.18826695930582,
1,1,1000,144,6,24,2026-01-01T00:00:00Z,0,,,,,3.0,3.0,2.0,1.0,22.0,2.5626881218479767,
1,2,1000,144,6,24,2026-01-01T00:00:00Z,0,,,,,4.0,4.0,1.0,0.0,8.0,0.0,
1,3,1000,144,6,24,2026-01-01T00:00:00Z,0,,,,,4.0,4.0,1.0,1.0,10.0,0.020747265461665165,
1,4,1000,144,6,24,2026-01-01T00:00:00Z,0,,,,,4.0,4.0,1.0,1.0,12.0,4.226708925950099,
1,5,1000,144,6,24,2026-01-01T00:00:00Z,0,,,,,4.0,4.0,1.0,1.0,17.0,2.628869962177795,
1,1,2000,144,6,24,2026-01-01T00:00:00Z,0,,,,,1.0,1.0,1.0,1.0,247.0,67.84184030073678,
1,2,2000,144,6,24,2026-01-01T00:00:00Z,0,,,,,1.0,1.0,1.0,1.0,196.0,93.19992956183353,
1,3,2000,144,6,24,2026-01-01T00:00:00Z,0,,,,,1.0,1.0,1.0,1.0,249.0,84.44193843603247,
1,4,2000,144,6,24,2026-01-01T00:00:00Z,0,,,,,1.0,1.0,1.0,1.0,179.0,65.20525110535351,
1,5,2000,144,6,24,2026-01-01T00:00:00Z,0,,,,,1.0,1.0,1.0,1.0,229.0,87.41802983410611,
1,1,3000,144,6,24,2026-01-01T00:00:00Z,0,,,,,1.0,1.0,1.0,1.0,341.0,113.07370064190826,
1,2,3000,144,6,24,2026-01-01T00:00:00Z,0,,,,,1.0,1.0,1.0,1.0,302.0,152.19971504532683,
1,3,3000,144,6,24,2026-01-01T00:00:00Z,0,,,,,1.0,1.0,1.0,1.0,341.0,144.03533440332055,
1,4,3000,144,6,24,2026-01-01T00:00:00Z,0,,,,,1.0,1.0,1.0,1.0,246.0,101.40806148190133,
1,5,3000,144,6,24,2026-01-01T00:00:00Z,0,,,,,1.0,1.0,1.0,1.0,300.0,131.7304471822839,
1,1,1000,144,8,18,2026-01-01T00:00:00Z,0,,,,,3.0,3.0,0.0,1.0,0.0,0.22618785599885882,
1,2,1000,144,8,18,2026-01-01T00:00:00Z,0,,,,,3.0,3.0,0.0,2.0,0.0,5.038264548212137,
1,3,1000,144,8,18,2026-01-01T00:00:00Z,0,,,,,3.0,3.0,0.0,1.0,0.0,3.738221461722322,
1,4,1000,144,8,18,2026-01-01T00:00:00Z,0,,,,,3.0,3.0,1.0,2.0,28.0,12.611970907152845,
1,5,1000,144,8,18,2026-01-01T00:00:00Z,0,,,,,2.0,2.0,0.0,1.0,0.0,2.1382706823409805,
1,1,2000,144,8,18,2026-01-01T00:00:00Z,0,,,,,1.0,1.0,1.0,1.0,93.0,33.80327268029423,
1,2,2000,144,8,18,2026-01-01T00:00:00Z,0,,,,,1.0,1.0,1.0,1.0,93.0,45.229659430818515,
1,3,2000,144,8,18,2026-01-01T00:00:00Z,0,,,,,1.0,1.0,1.0,1.0,44.0,36.6500318148355,
1,4,2000,144,8,18,2026-01-01T00:00:00Z,0,,,,,1.0,1.0,1.0,1.0,129.0,64.92884091183777,
1,5,2000,144,8,18,2026-01-01T00:00:00Z,0,,,,,1.0,1.0,1.0,1.0,50.0,32.024063069370165,
1,1,3000,144,8,18,2026-01-01T00:00:00Z,0,,,,,1.0,1.0,1.0,1.0,167.0,64.02420839189155,
1,2,3000,144,8,18,2026-01-01T00:00:00Z,0,,,,,1.0,1.0,1.0,1.0,142.0,80.40170199597924,
1,3,3000,144,8,18,2026-01-01T00:00:00Z,0,,,,,1.0,1.0,1.0,1.0,97.0,72.63506330474446,
1,4,3000,144,8,18,2026-01-01T00:00:00Z,0,,,,,1.0,1.0,1.0,1.0,187.0,113.1765627123284,
1,5,3000,144,8,18,2026-01-01T00:00:00Z,0,,,,,1.0,1.0,1.0,1.0,107.0,68.00600907738524,
1,1,1000,144,12,12,2026-01-01T00:00:00Z,0,,,,,1.0,1.0,1.0,1.0,30.0,3.999424480163249,
1,2,1000,144,12,12,2026-01-01T00:00:00Z,0,,,,,1.0,1.0,1.0,1.0,18.0,11.387586576256957,
1,3,1000,144,12,12,2026-01-01T00:00:00Z,0,,,,,1.0,1.0,0.0,1.0,0.0,4.710019001297422,
1,4,1000,144,12,12,2026-01-01T00:00:00Z,0,,,,,2.0,2.0,1.0,1.0,38.0,13.508928052489345,
1,5,1000,144,12,12,2026-01-01T00:00:00Z,1,146.0,0.29806361371834317,3.09130585345964,3.9215686274509802,2.0,2.0,0.0,0.0,0.0,0.0,0.2521454999987327
1,1,2000,144,12,12,2026-01-01T00:00:00Z,0,,,,,1.0,1.0,1.0,1.0,93.0,33.80327268029423,
1,2,2000,144,12,12,2026-01-01T00:00:00Z,0,,,,,1.0,1.0,1.0,1.0,93.0,45.229659430818515,
1,3,2000,144,12,12,2026-01-01T00:00:00Z,0,,,,,1.0,1.0,1.0,1.0,44.0,36.6500318148355,
1,4,2000,144,12,12,2026-01-01T00:00:00Z,0,,,,,1.0,1.0,1.0,1.0,129.0,64.92884091183777,
1,5,2000,144,12,12,2026-01-01T00:00:00Z,0,,,,,1.0,1.0,1.0,1.0,50.0,32.024063069370165,
1,1,3000,144,12,12,2026-01-01T00:00:00Z,0,,,,,1.0,1.0,1.0,1.0,167.0,64.02420839189155,
1,2,3000,144,12,12,2026-01-01T00:00:00Z,0,,,,,1.0,1.0,1.0,1.0,142.0,80.40170199597924,
1,3,3000,144,12,12,2026-01-01T00:00:00Z,0,,,,,1.0,1.0,1.0,1.0,97.0,72.63506330474446,
1,4,3000,144,12,12,2026-01-01T00:00:00Z,0,,,,,1.0,1.0,1.0,1.0,187.0,113.1765627123284,
1,5,3000,144,12,12,2026-01-01T00:00:00Z,0,,,,,1.0,1.0,1.0,1.0,107.0,68.00600907738524,
1,1,1000,168,6,28,2026-01-01T00:00:00Z,0,,,,,4.0,4.0,1.0,1.0,73.0,0.900899269530413,
1,2,1000,168,6,28,2026-01-01T00:00:00Z,0,,,,,4.0,4.0,1.0,0.0,51.0,0.0,
1,3,1000,168,6,28,2026-01-01T00:00:00Z,0,,,,,5.0,5.0,1.0,1.0,38.0,17.518719910744252,
1,4,1000,168,6,28,2026-01-01T00:00:00Z,1,265.0,0.286035144619847,1.6093777171230959,3.5714285714285716,4.0,4.0,0.0,0.0,0.0,0.0,3.8487656000033894
1,5,1000,168,6,28,2026-01-01T00:00:00Z,0,,,,,5.0,5.0,1.0,1.0,14.0,17.424168815082858,
1,1,2000,168,6,28,2026-01-01T00:00:00Z,0,,,,,1.0,1.0,1.0,1.0,376.0,98.18510093707283,
1,2,2000,168,6,28,2026-01-01T00:00:00Z,0,,,,,1.0,1.0,1.0,1.0,349.0,101.83854260313376,
1,3,2000,168,6,28,2026-01-01T00:00:00Z,0,,,,,1.0,1.0,1.0,1.0,361.0,101.49562238037322,
1,4,2000,168,6,28,2026-01-01T00:00:00Z,0,,,,,1.0,1.0,1.0,1.0,358.0,108.50851533769054,
1,5,2000,168,6,28,2026-01-01T00:00:00Z,0,,,,,1.0,1.0,1.0,1.0,352.0,113.80210762980789,
1,1,3000,168,6,28,2026-01-01T00:00:00Z,0,,,,,1.0,1.0,1.0,1.0,531.0,163.0906447454375,
1,2,3000,168,6,28,2026-01-01T00:00:00Z,0,,,,,1.0,1.0,1.0,1.0,461.0,163.51271346830376,
1,3,3000,168,6,28,2026-01-01T00:00:00Z,0,,,,,1.0,1.0,1.0,1.0,491.0,167.6208574187399,
1,4,3000,168,6,28,2026-01-01T00:00:00Z,0,,,,,1.0,1.0,1.0,1.0,488.0,166.73749396327918,
1,5,3000,168,6,28,2026-01-01T00:00:00Z,0,,,,,1.0,1.0,1.0,1.0,497.0,175.49022124727043,
1,1,1000,168,8,21,2026-01-01T00:00:00Z,0,,,,,1.0,1.0,1.0,1.0,213.0,37.38366827309501,
1,2,1000,168,8,21,2026-01-01T00:00:00Z,0,,,,,1.0,1.0,1.0,1.0,186.0,38.35654889234137,
1,3,1000,168,8,21,2026-01-01T00:00:00Z,0,,,,,1.0,1.0,1.0,1.0,186.0,36.754014332536556,
1,4,1000,168,8,21,2026-01-01T00:00:00Z,0,,,,,1.0,1.0,1.0,1.0,196.0,40.48268395633312,
1,5,1000,168,8,21,2026-01-01T00:00:00Z,0,,,,,1.0,1.0,1.0,1.0,180.0,44.023184512013245,
1,1,2000,168,8,21,2026-01-01T00:00:00Z,0,,,,,1.0,1.0,1.0,1.0,376.0,98.18510093707283,
1,2,2000,168,8,21,2026-01-01T00:00:00Z,0,,,,,1.0,1.0,1.0,1.0,349.0,101.83854260313376,
1,3,2000,168,8,21,2026-01-01T00:00:00Z,0,,,,,1.0,1.0,1.0,1.0,361.0,101.49562238037322,
1,4,2000,168,8,21,2026-01-01T00:00:00Z,0,,,,,1.0,1.0,1.0,1.0,358.0,108.50851533769054,
1,5,2000,168,8,21,2026-01-01T00:00:00Z,0,,,,,1.0,1.0,1.0,1.0,352.0,113.80210762980789,
1,1,3000,168,8,21,2026-01-01T00:00:00Z,0,,,,,1.0,1.0,1.0,1.0,531.0,163.0906447454375,
1,2,3000,168,8,21,2026-01-01T00:00:00Z,0,,,,,1.0,1.0,1.0,1.0,461.0,163.51271346830376,
1,3,3000,168,8,21,2026-01-01T00:00:00Z,0,,,,,1.0,1.0,1.0,1.0,491.0,167.6208574187399,
1,4,3000,168,8,21,2026-01-01T00:00:00Z,0,,,,,1.0,1.0,1.0,1.0,488.0,166.73749396327918,
1,5,3000,168,8,21,2026-01-01T00:00:00Z,0,,,,,1.0,1.0,1.0,1.0,497.0,175.49022124727043,
1,1,1000,168,12,14,2026-01-01T00:00:00Z,0,,,,,4.0,4.0,1.0,1.0,133.0,18.435313469792106,
1,2,1000,168,12,14,2026-01-01T00:00:00Z,0,,,,,4.0,4.0,2.0,1.0,66.0,22.650654596916226,
1,3,1000,168,12,14,2026-01-01T00:00:00Z,0,,,,,3.0,3.0,1.0,1.0,74.0,17.374911556406467,
1,4,1000,168,12,14,2026-01-01T00:00:00Z,0,,,,,4.0,4.0,2.0,1.0,75.0,17.075637734515354,
1,5,1000,168,12,14,2026-01-01T00:00:00Z,0,,,,,4.0,4.0,1.0,1.0,111.0,24.27575133463654,
1,1,2000,168,12,14,2026-01-01T00:00:00Z,0,,,,,1.0,1.0,1.0,1.0,376.0,98.18510093707283,
1,2,2000,168,12,14,2026-01-01T00:00:00Z,0,,,,,1.0,1.0,1.0,1.0,349.0,101.83854260313376,
1,3,2000,168,12,14,2026-01-01T00:00:00Z,0,,,,,1.0,1.0,1.0,1.0,361.0,101.49562238037322,
1,4,2000,168,12,14,2026-01-01T00:00:00Z,0,,,,,1.0,1.0,1.0,1.0,358.0,108.50851533769054,
1,5,2000,168,12,14,2026-01-01T00:00:00Z,0,,,,,1.0,1.0,1.0,1.0,352.0,113.80210762980789,
1,1,3000,168,12,14,2026-01-01T00:00:00Z,0,,,,,1.0,1.0,1.0,1.0,531.0,163.0906447454375,
1,2,3000,168,12,14,2026-01-01T00:00:00Z,0,,,,,1.0,1.0,1.0,1.0,461.0,163.51271346830376,
1,3,3000,168,12,14,2026-01-01T00:00:00Z,0,,,,,1.0,1.0,1.0,1.0,491.0,167.6208574187399,
1,4,3000,168,12,14,2026-01-01T00:00:00Z,0,,,,,1.0,1.0,1.0,1.0,488.0,166.73749396327918,
1,5,3000,168,12,14,2026-01-01T00:00:00Z,0,,,,,1.0,1.0,1.0,1.0,497.0,175.49022124727043,
1,1,1000,192,6,32,2026-01-01T00:00:00Z,0,,,,,6.0,6.0,2.0,0.0,27.0,0.0,
1,2,1000,192,6,32,2026-01-01T00:00:00Z,0,,,,,5.0,5.0,1.0,0.0,21.0,0.0,
1,3,1000,192,6,32,2026-01-01T00:00:00Z,1,287.0,0.20538560341796452,1.5991687656880842,14.130434782608695,5.0,5.0,0.0,0.0,0.0,0.0,144.3681589000007
1,4,1000,192,6,32,2026-01-01T00:00:00Z,0,,,,,3.0,3.0,1.0,0.0,28.0,0.0,
1,5,1000,192,6,32,2026-01-01T00:00:00Z,0,,,,,4.0,4.0,1.0,0.0,26.0,0.0,
1,1,2000,192,6,32,2026-01-01T00:00:00Z,0,,,,,6.0,6.0,3.0,3.0,170.0,33.301778448768296,
1,2,2000,192,6,32,2026-01-01T00:00:00Z,0,,,,,6.0,6.0,2.0,4.0,157.0,31.480028284298914,
1,3,2000,192,6,32,2026-01-01T00:00:00Z,0,,,,,5.0,5.0,2.0,2.0,153.0,39.59290685781323,
1,4,2000,192,6,32,2026-01-01T00:00:00Z,0,,,,,6.0,6.0,3.0,3.0,162.0,54.53082387200216,
1,5,2000,192,6,32,2026-01-01T00:00:00Z,0,,,,,6.0,6.0,3.0,3.0,153.0,61.04902821548462,
1,1,3000,192,6,32,2026-01-01T00:00:00Z,0,,,,,1.0,1.0,1.0,1.0,362.0,132.45021080629618,
1,2,3000,192,6,32,2026-01-01T00:00:00Z,0,,,,,1.0,1.0,1.0,1.0,300.0,112.89124098837061,
1,3,3000,192,6,32,2026-01-01T00:00:00Z,0,,,,,1.0,1.0,1.0,1.0,258.0,93.41921837638715,
1,4,3000,192,6,32,2026-01-01T00:00:00Z,0,,,,,1.0,1.0,1.0,1.0,359.0,121.02702062557063,
1,5,3000,192,6,32,2026-01-01T00:00:00Z,0,,,,,1.0,1.0,1.0,1.0,299.0,125.47371573717413,
1,1,1000,192,8,24,2026-01-01T00:00:00Z,0,,,,,4.0,4.0,1.0,1.0,17.0,8.674764625657119,
1,2,1000,192,8,24,2026-01-01T00:00:00Z,0,,,,,4.0,4.0,1.0,1.0,11.0,5.252734166049844,
1,3,1000,192,8,24,2026-01-01T00:00:00Z,0,,,,,3.0,3.0,1.0,1.0,41.0,5.515077644590903,
1,4,1000,192,8,24,2026-01-01T00:00:00Z,1,275.0,0.2662674160603147,1.5983429233235373,9.821428571428571,5.0,5.0,0.0,0.0,0.0,0.0,
1,5,1000,192,8,24,2026-01-01T00:00:00Z,0,,,,,5.0,5.0,0.0,1.0,0.0,8.866243678413852,
1,1,2000,192,8,24,2026-01-01T00:00:00Z,0,,,,,1.0,1.0,1.0,1.0,247.0,67.84184030073678,
1,2,2000,192,8,24,2026-01-01T00:00:00Z,0,,,,,1.0,1.0,1.0,1.0,196.0,93.19992956183353,
1,3,2000,192,8,24,2026-01-01T00:00:00Z,0,,,,,1.0,1.0,1.0,1.0,249.0,84.44193843603247,
1,4,2000,192,8,24,2026-01-01T00:00:00Z,0,,,,,1.0,1.0,1.0,1.0,179.0,65.20525110535351,
1,5,2000,192,8,24,2026-01-01T00:00:00Z,0,,,,,1.0,1.0,1.0,1.0,229.0,87.41802983410611,
1,1,3000,192,8,24,2026-01-01T00:00:00Z,0,,,,,1.0,1.0,1.0,1.0,341.0,113.07370064190826,
1,2,3000,192,8,24,2026-01-01T00:00:00Z,0,,,,,1.0,1.0,1.0,1.0,302.0,152.19971504532683,
1,3,3000,192,8,24,2026-01-01T00:00:00Z,0,,,,,1.0,1.0,1.0,1.0,341.0,144.03533440332055,
1,4,3000,192,8,24,2026-01-01T00:00:00Z,0,,,,,1.0,1.0,1.0,1.0,246.0,101.40806148190133,
1,5,3000,192,8,24,2026-01-01T00:00:00Z,0,,,,,1.0,1.0,1.0,1.0,300.0,131.7304471822839,
1,1,1000,192,12,16,2026-01-01T00:00:00Z,0,,,,,3.0,3.0,1.0,1.0,9.0,2.5253119308775815,
1,2,1000,192,12,16,2026-01-01T00:00:00Z,0,,,,,6.0,6.0,0.0,1.0,0.0,9.976658635620865,
1,3,1000,192,12,16,2026-01-01T00:00:00Z,0,,,,,4.0,4.0,1.0,2.0,14.0,3.088120388253248,
1,4,1000,192,12,16,2026-01-01T00:00:00Z,0,,,,,4.0,4.0,0.0,1.0,0.0,1.6004600142287053,
1,5,1000,192,12,16,2026-01-01T00:00:00Z,1,241.0,0.26710528501744835,5.781901538680712,5.813953488372093,4.0,4.0,0.0,0.0,0.0,0.0,5.386908600001334
1,1,2000,192,12,16,2026-01-01T00:00:00Z,0,,,,,6.0,6.0,2.0,2.0,134.0,54.581695866488815,
1,2,2000,192,12,16,2026-01-01T00:00:00Z,0,,,,,6.0,6.0,2.0,2.0,73.0,65.08460471167625,
1,3,2000,192,12,16,2026-01-01T00:00:00Z,0,,,,,5.0,5.0,2.0,2.0,99.0,54.71334701720341,
1,4,2000,192,12,16,2026-01-01T00:00:00Z,0,,,,,6.0,6.0,1.0,2.0,42.0,44.60053081838424,
1,5,2000,192,12,16,2026-01-01T00:00:00Z,0,,,,,6.0,6.0,2.0,2.0,53.0,22.14672646627596,
1,1,3000,192,12,16,2026-01-01T00:00:00Z,0,,,,,1.0,1.0,1.0,1.0,341.0,113.07370064190826,
1,2,3000,192,12,16,2026-01-01T00:00:00Z,0,,,,,1.0,1.0,1.0,1.0,302.0,152.19971504532683,
1,3,3000,192,12,16,2026-01-01T00:00:00Z,0,,,,,1.0,1.0,1.0,1.0,341.0,144.03533440332055,
1,4,3000,192,12,16,2026-01-01T00:00:00Z,0,,,,,1.0,1.0,1.0,1.0,246.0,101.40806148190133,
1,5,3000,192,12,16,2026-01-01T00:00:00Z,0,,,,,1.0,1.0,1.0,1.0,300.0,131.7304471822839,
1,1,1000,72,6,12,2026-01-01T06:00:00Z,1,72.0,0.2364370548515219,1.2363053706690523,0.0,1.0,1.0,0.0,0.0,0.0,0.0,0.100705899996683
1,2,1000,72,6,12,2026-01-01T06:00:00Z,0,,,,,1.0,1.0,0.0,1.0,0.0,8.712242462172,
1,3,1000,72,6,12,2026-01-01T06:00:00Z,0,,,,,1.0,1.0,1.0,1.0,11.0,21.584349474485343,
1,4,1000,72,6,12,2026-01-01T06:00:00Z,0,,,,,1.0,1.0,1.0,1.0,18.0,24.189812714743617,
1,5,1000,72,6,12,2026-01-01T06:00:00Z,0,,,,,1.0,1.0,1.0,1.0,4.0,9.614768572206174,
1,1,2000,72,6,12,2026-01-01T06:00:00Z,0,,,,,1.0,1.0,1.0,1.0,14.0,13.997827444577759,
1,2,2000,72,6,12,2026-01-01T06:00:00Z,0,,,,,1.0,1.0,1.0,1.0,51.0,45.62634457911045,
1,3,2000,72,6,12,2026-01-01T06:00:00Z,0,,,,,1.0,1.0,1.0,1.0,92.0,69.81238351931091,
1,4,2000,72,6,12,2026-01-01T06:00:00Z,0,,,,,1.0,1.0,1.0,1.0,67.0,76.92323192523233,
1,5,2000,72,6,12,2026-01-01T06:00:00Z,0,,,,,1.0,1.0,1.0,1.0,67.0,47.06487072444639,
1,1,3000,72,6,12,2026-01-01T06:00:00Z,0,,,,,1.0,1.0,1.0,1.0,61.0,27.864385380000016,
1,2,3000,72,6,12,2026-01-01T06:00:00Z,0,,,,,1.0,1.0,1.0,1.0,93.0,76.21329906701472,
1,3,3000,72,6,12,2026-01-01T06:00:00Z,0,,,,,1.0,1.0,1.0,1.0,130.0,123.81919791825828,
1,4,3000,72,6,12,2026-01-01T06:00:00Z,0,,,,,1.0,1.0,1.0,1.0,108.0,117.38373949221003,
1,5,3000,72,6,12,2026-01-01T06:00:00Z,0,,,,,1.0,1.0,1.0,1.0,84.0,70.30922833962487,
1,1,1000,72,8,9,2026-01-01T06:00:00Z,1,,,,,1.0,1.0,0.0,0.0,0.0,0.0,0.0208615999945323
1,2,1000,72,8,9,2026-01-01T06:00:00Z,1,,,,,1.0,1.0,0.0,0.0,0.0,0.0,0.0216035000012198
1,3,1000,72,8,9,2026-01-01T06:00:00Z,1,,,,,1.0,1.0,0.0,0.0,0.0,0.0,0.02198839999982738
1,4,1000,72,8,9,2026-01-01T06:00:00Z,1,,,,,1.0,1.0,0.0,0.0,0.0,0.0,0.020584300000336953
1,5,1000,72,8,9,2026-01-01T06:00:00Z,1,,,,,1.0,1.0,0.0,0.0,0.0,0.0,0.02006650000475929
1,1,2000,72,8,9,2026-01-01T06:00:00Z,1,,,,,1.0,1.0,0.0,0.0,0.0,0.0,0.03185020000455552
1,2,2000,72,8,9,2026-01-01T06:00:00Z,1,,,,,1.0,1.0,0.0,0.0,0.0,0.0,0.033614799998758826
1,3,2000,72,8,9,2026-01-01T06:00:00Z,1,,,,,1.0,1.0,0.0,0.0,0.0,0.0,0.033675500002573244
1,4,2000,72,8,9,2026-01-01T06:00:00Z,1,,,,,1.0,1.0,0.0,0.0,0.0,0.0,0.030422800002270378
1,5,2000,72,8,9,2026-01-01T06:00:00Z,1,,,,,1.0,1.0,0.0,0.0,0.0,0.0,0.03334860000904882
1,1,3000,72,8,9,2026-01-01T06:00:00Z,1,,,,,1.0,1.0,0.0,0.0,0.0,0.0,0.04687180000109947
1,2,3000,72,8,9,2026-01-01T06:00:00Z,1,,,,,1.0,1.0,0.0,0.0,0.0,0.0,0.045855599993956275
1,3,3000,72,8,9,2026-01-01T06:00:00Z,1,,,,,1.0,1.0,0.0,0.0,0.0,0.0,0.06247879999864381
1,4,3000,72,8,9,2026-01-01T06:00:00Z,1,,,,,1.0,1.0,0.0,0.0,0.0,0.0,0.0422201999972458
1,5,3000,72,8,9,2026-01-01T06:00:00Z,1,,,,,1.0,1.0,0.0,0.0,0.0,0.0,0.0433009000007587
1,1,1000,72,12,6,2026-01-01T06:00:00Z,0,,,,,2.0,2.0,1.0,1.0,47.0,17.04123893970852,
1,2,1000,72,12,6,2026-01-01T06:00:00Z,0,,,,,2.0,2.0,1.0,1.0,32.0,32.43963250149894,
1,3,1000,72,12,6,2026-01-01T06:00:00Z,0,,,,,2.0,2.0,1.0,1.0,64.0,28.249451373010913,
1,4,1000,72,12,6,2026-01-01T06:00:00Z,0,,,,,2.0,2.0,1.0,1.0,23.0,19.1775985001579,
1,5,1000,72,12,6,2026-01-01T06:00:00Z,0,,,,,2.0,2.0,1.0,1.0,53.0,24.103905024238003,
1,1,2000,72,12,6,2026-01-01T06:00:00Z,0,,,,,2.0,2.0,1.0,1.0,127.0,62.95494904138994,
1,2,2000,72,12,6,2026-01-01T06:00:00Z,0,,,,,2.0,2.0,1.0,1.0,113.0,85.37619182411265,
1,3,2000,72,12,6,2026-01-01T06:00:00Z,0,,,,,2.0,2.0,1.0,1.0,146.0,76.01886091726269,
1,4,2000,72,12,6,2026-01-01T06:00:00Z,0,,,,,2.0,2.0,1.0,1.0,98.0,65.67476922740393,
1,5,2000,72,12,6,2026-01-01T06:00:00Z,0,,,,,2.0,2.0,1.0,1.0,133.0,71.38376790780008,
1,1,3000,72,12,6,2026-01-01T06:00:00Z,0,,,,,1.0,1.0,1.0,1.0,245.0,124.79163611802201,
1,2,3000,72,12,6,2026-01-01T06:00:00Z,0,,,,,2.0,2.0,1.0,1.0,178.0,134.0422048966367,
1,3,3000,72,12,6,2026-01-01T06:00:00Z,0,,,,,2.0,2.0,1.0,1.0,199.0,129.3184023533973,
1,4,3000,72,12,6,2026-01-01T06:00:00Z,0,,,,,2.0,2.0,1.0,1.0,142.0,102.76225829583848,
1,5,3000,72,12,6,2026-01-01T06:00:00Z,0,,,,,2.0,2.0,1.0,1.0,189.0,102.47276785271248,
1,1,1000,96,6,16,2026-01-01T06:00:00Z,1,78.0,0.2754575049626533,1.1449054748546283,17.24137931034483,1.0,1.0,0.0,0.0,0.0,0.0,0.22057110000241664
1,2,1000,96,6,16,2026-01-01T06:00:00Z,1,70.0,0.2575258295470653,0.7188965150239843,9.523809523809524,1.0,1.0,0.0,0.0,0.0,0.0,0.1554305999998178
1,3,1000,96,6,16,2026-01-01T06:00:00Z,1,46.0,0.3012199175431226,3.21753442420981,10.526315789473685,1.0,1.0,0.0,0.0,0.0,0.0,0.08549309999943944
1,4,1000,96,6,16,2026-01-01T06:00:00Z,0,,,,,2.0,2.0,1.0,1.0,2.0,6.149744206580717,
1,5,1000,96,6,16,2026-01-01T06:00:00Z,1,,,,,1.0,1.0,0.0,0.0,0.0,0.0,
1,1,2000,96,6,16,2026-01-01T06:00:00Z,0,,,,,2.0,2.0,1.0,1.0,22.0,19.40847696120511,
1,2,2000,96,6,16,2026-01-01T06:00:00Z,0,,,,,1.0,1.0,1.0,1.0,17.0,12.878053076994874,
1,3,2000,96,6,16,2026-01-01T06:00:00Z,0,,,,,3.0,3.0,0.0,2.0,0.0,19.32601344639569,
1,4,2000,96,6,16,2026-01-01T06:00:00Z,0,,,,,1.0,1.0,1.0,1.0,36.0,35.21726745215767,
1,5,2000,96,6,16,2026-01-01T06:00:00Z,0,,,,,1.0,1.0,0.0,1.0,0.0,24.03424700714467,
1,1,3000,96,6,16,2026-01-01T06:00:00Z,0,,,,,1.0,1.0,1.0,1.0,62.0,43.07293721075369,
1,2,3000,96,6,16,2026-01-01T06:00:00Z,0,,,,,1.0,1.0,1.0,1.0,43.0,34.23074452942433,
1,3,3000,96,6,16,2026-01-01T06:00:00Z,0,,,,,1.0,1.0,1.0,1.0,13.0,29.40175820711317,
1,4,3000,96,6,16,2026-01-01T06:00:00Z,0,,,,,1.0,1.0,1.0,1.0,81.0,63.38935438627709,
1,5,3000,96,6,16,2026-01-01T06:00:00Z,0,,,,,1.0,1.0,1.0,1.0,40.0,57.35300405101847,
1,1,1000,96,8,12,2026-01-01T06:00:00Z,1,158.0,0.22956991455720407,1.448750261110123,4.3478260869565215,2.0,2.0,0.0,0.0,0.0,0.0,0.42593090000445955
1,2,1000,96,8,12,2026-01-01T06:00:00Z,0,,,,,3.0,3.0,1.0,2.0,21.0,12.64369999800482,
1,3,1000,96,8,12,2026-01-01T06:00:00Z,0,,,,,3.0,3.0,0.0,2.0,0.0,5.134191275035565,
1,4,1000,96,8,12,2026-01-01T06:00:00Z,0,,,,,3.0,3.0,1.0,2.0,29.0,17.202803896017787,
1,5,1000,96,8,12,2026-01-01T06:00:00Z,0,,,,,3.0,3.0,1.0,2.0,4.0,10.193356338740319,
1,1,2000,96,8,12,2026-01-01T06:00:00Z,0,,,,,1.0,1.0,1.0,1.0,104.0,33.16997603608287,
1,2,2000,96,8,12,2026-01-01T06:00:00Z,0,,,,,1.0,1.0,1.0,1.0,108.0,44.72662075739865,
1,3,2000,96,8,12,2026-01-01T06:00:00Z,0,,,,,1.0,1.0,1.0,1.0,50.0,37.64674812964722,
1,4,2000,96,8,12,2026-01-01T06:00:00Z,0,,,,,1.0,1.0,1.0,1.0,140.0,66.93343512647161,
1,5,2000,96,8,12,2026-01-01T06:00:00Z,0,,,,,1.0,1.0,1.0,1.0,54.0,36.72223284261457,
1,1,3000,96,8,12,2026-01-01T06:00:00Z,0,,,,,1.0,1.0,1.0,1.0,173.0,63.157254602414,
1,2,3000,96,8,12,2026-01-01T06:00:00Z,0,,,,,1.0,1.0,1.0,1.0,144.0,79.46848896001335,
1,3,3000,96,8,12,2026-01-01T06:00:00Z,0,,,,,1.0,1.0,1.0,1.0,103.0,72.85940693180949,
1,4,3000,96,8,12,2026-01-01T06:00:00Z,0,,,,,1.0,1.0,1.0,1.0,191.0,119.66453500263748,
1,5,3000,96,8,12,2026-01-01T06:00:00Z,0,,,,,1.0,1.0,1.0,1.0,124.0,75.03061502403352,
1,1,1000,96,12,8,2026-01-01T06:00:00Z,0,,,,,3.0,3.0,1.0,1.0,101.0,4.884055988720874,
1,2,1000,96,12,8,2026-01-01T06:00:00Z,0,,,,,3.0,3.0,1.0,1.0,34.0,5.833354657887664,
1,3,1000,96,12,8,2026-01-01T06:00:00Z,0,,,,,3.0,3.0,1.0,2.0,73.0,7.919702857599887,
1,4,1000,96,12,8,2026-01-01T06:00:00Z,0,,,,,3.0,3.0,1.0,1.0,56.0,5.690935860681556,
1,5,1000,96,12,8,2026-01-01T06:00:00Z,0,,,,,1.0,1.0,1.0,1.0,178.0,39.5743320376949,
1,1,2000,96,12,8,2026-01-01T06:00:00Z,0,,,,,1.0,1.0,1.0,1.0,366.0,96.30142051412074,
1,2,2000,96,12,8,2026-01-01T06:00:00Z,0,,,,,1.0,1.0,1.0,1.0,327.0,101.33755795276568,
1,3,2000,96,12,8,2026-01-01T06:00:00Z,0,,,,,1.0,1.0,1.0,1.0,359.0,98.39168685748268,
1,4,2000,96,12,8,2026-01-01T06:00:00Z,0,,,,,1.0,1.0,1.0,1.0,318.0,113.53542579343718,
1,5,2000,96,12,8,2026-01-01T06:00:00Z,0,,,,,1.0,1.0,1.0,1.0,346.0,105.11036375925258,
1,1,3000,96,12,8,2026-01-01T06:00:00Z,0,,,,,1.0,1.0,1.0,1.0,505.0,163.91848499630004,
1,2,3000,96,12,8,2026-01-01T06:00:00Z,0,,,,,1.0,1.0,1.0,1.0,459.0,162.86944578166603,
1,3,3000,96,12,8,2026-01-01T06:00:00Z,0,,,,,1.0,1.0,1.0,1.0,495.0,164.56648729225734,
1,4,3000,96,12,8,2026-01-01T06:00:00Z,0,,,,,1.0,1.0,1.0,1.0,427.0,176.77118838438213,
1,5,3000,96,12,8,2026-01-01T06:00:00Z,0,,,,,1.0,1.0,1.0,1.0,462.0,162.746714110419,
1,1,1000,120,6,20,2026-01-01T06:00:00Z,0,,,,,2.0,2.0,1.0,1.0,61.0,27.70035726195559,
1,2,1000,120,6,20,2026-01-01T06:00:00Z,0,,,,,2.0,2.0,1.0,1.0,35.0,9.67651916375928,
1,3,1000,120,6,20,2026-01-01T06:00:00Z,0,,,,,1.0,1.0,1.0,1.0,35.0,13.350379144567114,
1,4,1000,120,6,20,2026-01-01T06:00:00Z,0,,,,,2.0,2.0,1.0,1.0,87.0,30.58483575464963,
1,5,1000,120,6,20,2026-01-01T06:00:00Z,0,,,,,1.0,1.0,1.0,1.0,53.0,34.75324918590648,
1,1,2000,120,6,20,2026-01-01T06:00:00Z,0,,,,,2.0,2.0,1.0,1.0,154.0,82.90079296833197,
1,2,2000,120,6,20,2026-01-01T06:00:00Z,0,,,,,1.0,1.0,1.0,1.0,143.0,45.55267284899453,
1,3,2000,120,6,20,2026-01-01T06:00:00Z,0,,,,,1.0,1.0,1.0,1.0,109.0,52.06409248394023,
1,4,2000,120,6,20,2026-01-01T06:00:00Z,0,,,,,1.0,1.0,1.0,1.0,184.0,83.33688343531958,
1,5,2000,120,6,20,2026-01-01T06:00:00Z,0,,,,,1.0,1.0,1.0,1.0,140.0,92.03228218407986,
1,1,3000,120,6,20,2026-01-01T06:00:00Z,0,,,,,2.0,2.0,1.0,1.0,235.0,135.88610464312512,
1,2,3000,120,6,20,2026-01-01T06:00:00Z,0,,,,,1.0,1.0,1.0,1.0,215.0,82.5738121160106,
1,3,3000,120,6,20,2026-01-01T06:00:00Z,0,,,,,1.0,1.0,1.0,1.0,178.0,97.1555991406485,
1,4,3000,120,6,20,2026-01-01T06:00:00Z,0,,,,,1.0,1.0,1.0,1.0,277.0,138.70865327993064,
1,5,3000,120,6,20,2026-01-01T06:00:00Z,0,,,,,1.0,1.0,1.0,1.0,243.0,152.19229519945208,
1,1,1000,120,8,15,2026-01-01T06:00:00Z,0,,,,,3.0,3.0,2.0,2.0,87.0,13.978037658234832,
1,2,1000,120,8,15,2026-01-01T06:00:00Z,0,,,,,1.0,1.0,1.0,1.0,182.0,40.39696239457872,
1,3,1000,120,8,15,2026-01-01T06:00:00Z,0,,,,,1.0,1.0,1.0,1.0,183.0,38.47411475935889,
1,4,1000,120,8,15,2026-01-01T06:00:00Z,0,,,,,3.0,3.0,2.0,2.0,106.0,15.779250761597972,
1,5,1000,120,8,15,2026-01-01T06:00:00Z,0,,,,,1.0,1.0,1.0,1.0,178.0,45.24205073478332,
1,1,2000,120,8,15,2026-01-01T06:00:00Z,0,,,,,1.0,1.0,1.0,1.0,366.0,92.15462139474747,
1,2,2000,120,8,15,2026-01-01T06:00:00Z,0,,,,,1.0,1.0,1.0,1.0,338.0,104.97290191474602,
1,3,2000,120,8,15,2026-01-01T06:00:00Z,0,,,,,1.0,1.0,1.0,1.0,341.0,105.08665353026376,
1,4,2000,120,8,15,2026-01-01T06:00:00Z,0,,,,,1.0,1.0,1.0,1.0,358.0,106.86448141472778,
1,5,2000,120,8,15,2026-01-01T06:00:00Z,0,,,,,1.0,1.0,1.0,1.0,343.0,116.17124820485003,
1,1,3000,120,8,15,2026-01-01T06:00:00Z,0,,,,,1.0,1.0,1.0,1.0,490.0,151.82849468824486,
1,2,3000,120,8,15,2026-01-01T06:00:00Z,0,,,,,1.0,1.0,1.0,1.0,471.0,166.81866802873796,
1,3,3000,120,8,15,2026-01-01T06:00:00Z,0,,,,,1.0,1.0,1.0,1.0,470.0,171.44301129095342,
1,4,3000,120,8,15,2026-01-01T06:00:00Z,0,,,,,1.0,1.0,1.0,1.0,489.0,163.81298071757223,
1,5,3000,120,8,15,2026-01-01T06:00:00Z,0,,,,,1.0,1.0,1.0,1.0,474.0,177.25554270197821,
1,1,1000,120,12,10,2026-01-01T06:00:00Z,0,,,,,1.0,1.0,1.0,1.0,146.0,25.145220918118248,
1,2,1000,120,12,10,2026-01-01T06:00:00Z,0,,,,,1.0,1.0,1.0,1.0,118.0,35.059026796029165,
1,3,1000,120,12,10,2026-01-01T06:00:00Z,0,,,,,2.0,2.0,1.0,1.0,8.0,1.2498501317627273,
1,4,1000,120,12,10,2026-01-01T06:00:00Z,0,,,,,1.0,1.0,1.0,1.0,163.0,32.81570159549308,
1,5,1000,120,12,10,2026-01-01T06:00:00Z,0,,,,,1.0,1.0,1.0,1.0,95.0,24.914045623961627,
1,1,2000,120,12,10,2026-01-01T06:00:00Z,0,,,,,1.0,1.0,1.0,1.0,266.0,74.49896357951413,
1,2,2000,120,12,10,2026-01-01T06:00:00Z,0,,,,,1.0,1.0,1.0,1.0,259.0,92.61336834871165,
1,3,2000,120,12,10,2026-01-01T06:00:00Z,0,,,,,1.0,1.0,1.0,1.0,213.0,62.19497135881201,
1,4,2000,120,12,10,2026-01-01T06:00:00Z,0,,,,,1.0,1.0,1.0,1.0,312.0,87.6230184247144,
1,5,2000,120,12,10,2026-01-01T06:00:00Z,0,,,,,1.0,1.0,1.0,1.0,213.0,70.44208167201774,
1,1,3000,120,12,10,2026-01-01T06:00:00Z,0,,,,,1.0,1.0,1.0,1.0,385.0,126.01209640743309,
1,2,3000,120,12,10,2026-01-01T06:00:00Z,0,,,,,1.0,1.0,1.0,1.0,349.0,143.17988099138213,
1,3,3000,120,12,10,2026-01-01T06:00:00Z,0,,,,,1.0,1.0,1.0,1.0,317.0,110.92829466236839,
1,4,3000,120,12,10,2026-01-01T06:00:00Z,0,,,,,1.0,1.0,1.0,1.0,429.0,142.0631636476689,
1,5,3000,120,12,10,2026-01-01T06:00:00Z,0,,,,,1.0,1.0,1.0,1.0,320.0,119.09082782356353,
1,1,1000,144,6,24,2026-01-01T06:00:00Z,1,78.0,0.2754575049626533,1.1449054748546283,17.24137931034483,1.0,1.0,0.0,0.0,0.0,0.0,0.21088830000007874
1,2,1000,144,6,24,2026-01-01T06:00:00Z,1,70.0,0.2575258295470653,0.7188965150239843,9.523809523809524,1.0,1.0,0.0,0.0,0.0,0.0,0.12637570000151754
1,3,1000,144,6,24,2026-01-01T06:00:00Z,1,46.0,0.3012199175431226,3.21753442420981,10.526315789473685,1.0,1.0,0.0,0.0,0.0,0.0,0.06738509999922826
1,4,1000,144,6,24,2026-01-01T06:00:00Z,0,,,,,3.0,3.0,0.0,2.0,0.0,7.898693960215759,
1,5,1000,144,6,24,2026-01-01T06:00:00Z,1,159.0,0.39397917555949147,2.553218992550234,8.0,3.0,3.0,0.0,0.0,0.0,0.0,0.7582826999969257
1,1,2000,144,6,24,2026-01-01T06:00:00Z,0,,,,,1.0,1.0,1.0,1.0,22.0,19.40847696120511,
1,2,2000,144,6,24,2026-01-01T06:00:00Z,0,,,,,1.0,1.0,1.0,1.0,17.0,12.878053076994874,
1,3,2000,144,6,24,2026-01-01T06:00:00Z,0,,,,,1.0,1.0,0.0,1.0,0.0,11.234665126536719,
1,4,2000,144,6,24,2026-01-01T06:00:00Z,0,,,,,1.0,1.0,1.0,1.0,36.0,35.21726745215767,
1,5,2000,144,6,24,2026-01-01T06:00:00Z,0,,,,,1.0,1.0,0.0,1.0,0.0,24.03424700714467,
1,1,3000,144,6,24,2026-01-01T06:00:00Z,0,,,,,1.0,1.0,1.0,1.0,62.0,43.07293721075369,
1,2,3000,144,6,24,2026-01-01T06:00:00Z,0,,,,,1.0,1.0,1.0,1.0,43.0,34.23074452942433,
1,3,3000,144,6,24,2026-01-01T06:00:00Z,0,,,,,1.0,1.0,1.0,1.0,13.0,29.40175820711317,
1,4,3000,144,6,24,2026-01-01T06:00:00Z,0,,,,,1.0,1.0,1.0,1.0,81.0,63.38935438627709,
1,5,3000,144,6,24,2026-01-01T06:00:00Z,0,,,,,1.0,1.0,1.0,1.0,40.0,57.35300405101847,
1,1,1000,144,8,18,2026-01-01T06:00:00Z,0,,,,,4.0,4.0,2.0,2.0,125.0,11.392884035576039,
1,2,1000,144,8,18,2026-01-01T06:00:00Z,0,,,,,4.0,4.0,2.0,1.0,82.0,19.373308266041384,
1,3,1000,144,8,18,2026-01-01T06:00:00Z,0,,,,,4.0,4.0,1.0,1.0,110.0,14.539864226570444,
1,4,1000,144,8,18,2026-01-01T06:00:00Z,0,,,,,4.0,4.0,2.0,1.0,90.0,21.799339526698525,
1,5,1000,144,8,18,2026-01-01T06:00:00Z,0,,,,,4.0,4.0,1.0,1.0,114.0,23.651466857952677,
1,1,2000,144,8,18,2026-01-01T06:00:00Z,0,,,,,1.0,1.0,1.0,1.0,322.0,71.85402967515431,
1,2,2000,144,8,18,2026-01-01T06:00:00Z,0,,,,,1.0,1.0,1.0,1.0,299.0,104.21561549810764,
1,3,2000,144,8,18,2026-01-01T06:00:00Z,0,,,,,1.0,1.0,1.0,1.0,330.0,101.04005718923007,
1,4,2000,144,8,18,2026-01-01T06:00:00Z,0,,,,,1.0,1.0,1.0,1.0,274.0,95.33424065583463,
1,5,2000,144,8,18,2026-01-01T06:00:00Z,0,,,,,1.0,1.0,1.0,1.0,316.0,104.16004137630955,
1,1,3000,144,8,18,2026-01-01T06:00:00Z,0,,,,,1.0,1.0,1.0,1.0,444.0,123.03895547064357,
1,2,3000,144,8,18,2026-01-01T06:00:00Z,0,,,,,1.0,1.0,1.0,1.0,431.0,169.23479656911158,
1,3,3000,144,8,18,2026-01-01T06:00:00Z,0,,,,,1.0,1.0,1.0,1.0,456.0,169.68348983449008,
1,4,3000,144,8,18,2026-01-01T06:00:00Z,0,,,,,1.0,1.0,1.0,1.0,358.0,146.62450922395664,
1,5,3000,144,8,18,2026-01-01T06:00:00Z,0,,,,,1.0,1.0,1.0,1.0,415.0,163.14730806401073,
1,1,1000,144,12,12,2026-01-01T06:00:00Z,0,,,,,1.0,1.0,1.0,1.0,32.0,4.084098517838179,
1,2,1000,144,12,12,2026-01-01T06:00:00Z,0,,,,,1.0,1.0,1.0,1.0,21.0,11.14241743213347,
1,3,1000,144,12,12,2026-01-01T06:00:00Z,0,,,,,1.0,1.0,0.0,1.0,0.0,4.776246565516249,
1,4,1000,144,12,12,2026-01-01T06:00:00Z,0,,,,,2.0,2.0,1.0,1.0,37.0,15.05359817143713,
1,5,1000,144,12,12,2026-01-01T06:00:00Z,0,,,,,2.0,2.0,0.0,1.0,0.0,0.21765941806716782,
1,1,2000,144,12,12,2026-01-01T06:00:00Z,0,,,,,1.0,1.0,1.0,1.0,104.0,33.16997603608287,
1,2,2000,144,12,12,2026-01-01T06:00:00Z,0,,,,,1.0,1.0,1.0,1.0,108.0,44.72662075739865,
1,3,2000,144,12,12,2026-01-01T06:00:00Z,0,,,,,1.0,1.0,1.0,1.0,50.0,37.64674812964722,
1,4,2000,144,12,12,2026-01-01T06:00:00Z,0,,,,,1.0,1.0,1.0,1.0,140.0,66.93343512647161,
1,5,2000,144,12,12,2026-01-01T06:00:00Z,0,,,,,1.0,1.0,1.0,1.0,54.0,36.72223284261457,
1,1,3000,144,12,12,2026-01-01T06:00:00Z,0,,,,,1.0,1.0,1.0,1.0,173.0,63.157254602414,
1,2,3000,144,12,12,2026-01-01T06:00:00Z,0,,,,,1.0,1.0,1.0,1.0,144.0,79.46848896001335,
1,3,3000,144,12,12,2026-01-01T06:00:00Z,0,,,,,1.0,1.0,1.0,1.0,103.0,72.85940693180949,
1,4,3000,144,12,12,2026-01-01T06:00:00Z,0,,,,,1.0,1.0,1.0,1.0,191.0,119.66453500263748,
1,5,3000,144,12,12,2026-01-01T06:00:00Z,0,,,,,1.0,1.0,1.0,1.0,124.0,75.03061502403352,
1,1,1000,168,6,28,2026-01-01T06:00:00Z,0,,,,,3.0,3.0,1.0,1.0,48.0,12.634609740243121,
1,2,1000,168,6,28,2026-01-01T06:00:00Z,0,,,,,3.0,3.0,1.0,1.0,26.0,8.553693455628022,
1,3,1000,168,6,28,2026-01-01T06:00:00Z,0,,,,,3.0,3.0,0.0,1.0,0.0,0.20506769399224112,
1,4,1000,168,6,28,2026-01-01T06:00:00Z,0,,,,,3.0,3.0,1.0,1.0,75.0,16.00212910793674,
1,5,1000,168,6,28,2026-01-01T06:00:00Z,0,,,,,4.0,4.0,1.0,1.0,13.0,7.423328979566502,
1,1,2000,168,6,28,2026-01-01T06:00:00Z,0,,,,,4.0,4.0,1.0,1.0,128.0,55.134758164640616,
1,2,2000,168,6,28,2026-01-01T06:00:00Z,0,,,,,4.0,4.0,1.0,1.0,114.0,38.58790961694451,
1,3,2000,168,6,28,2026-01-01T06:00:00Z,0,,,,,4.0,4.0,1.0,1.0,56.0,28.314860413862718,
1,4,2000,168,6,28,2026-01-01T06:00:00Z,0,,,,,1.0,1.0,1.0,1.0,170.0,67.43016122028592,
1,5,2000,168,6,28,2026-01-01T06:00:00Z,0,,,,,1.0,1.0,1.0,1.0,106.0,57.80575521903418,
1,1,3000,168,6,28,2026-01-01T06:00:00Z,0,,,,,3.0,3.0,1.0,1.0,210.0,94.47595372628113,
1,2,3000,168,6,28,2026-01-01T06:00:00Z,0,,,,,3.0,3.0,1.0,1.0,170.0,69.36958232765232,
1,3,3000,168,6,28,2026-01-01T06:00:00Z,0,,,,,1.0,1.0,1.0,1.0,155.0,82.79035461529251,
1,4,3000,168,6,28,2026-01-01T06:00:00Z,0,,,,,1.0,1.0,1.0,1.0,249.0,118.27874262603842,
1,5,3000,168,6,28,2026-01-01T06:00:00Z,0,,,,,1.0,1.0,1.0,1.0,185.0,100.95002801092437,
1,1,1000,168,8,21,2026-01-01T06:00:00Z,0,,,,,5.0,5.0,1.0,1.0,70.0,17.29864503843816,
1,2,1000,168,8,21,2026-01-01T06:00:00Z,0,,,,,5.0,5.0,1.0,1.0,17.0,16.875103946165453,
1,3,1000,168,8,21,2026-01-01T06:00:00Z,0,,,,,4.0,4.0,1.0,1.0,56.0,11.864047789785793,
1,4,1000,168,8,21,2026-01-01T06:00:00Z,1,258.0,0.2986640103147333,2.4314771138538007,9.821428571428571,4.0,4.0,0.0,0.0,0.0,0.0,1.637708800000837
1,5,1000,168,8,21,2026-01-01T06:00:00Z,0,,,,,4.0,4.0,1.0,1.0,33.0,10.037255099276194,
1,1,2000,168,8,21,2026-01-01T06:00:00Z,0,,,,,1.0,1.0,1.0,1.0,201.0,72.23414058653094,
1,2,2000,168,8,21,2026-01-01T06:00:00Z,0,,,,,1.0,1.0,1.0,1.0,140.0,90.38851398374646,
1,3,2000,168,8,21,2026-01-01T06:00:00Z,0,,,,,1.0,1.0,1.0,1.0,206.0,88.99934191459872,
1,4,2000,168,8,21,2026-01-01T06:00:00Z,0,,,,,1.0,1.0,1.0,1.0,138.0,67.4549491836405,
1,5,2000,168,8,21,2026-01-01T06:00:00Z,0,,,,,1.0,1.0,1.0,1.0,192.0,91.78624439917537,
1,1,3000,168,8,21,2026-01-01T06:00:00Z,0,,,,,1.0,1.0,1.0,1.0,279.0,119.7090287010929,
1,2,3000,168,8,21,2026-01-01T06:00:00Z,0,,,,,1.0,1.0,1.0,1.0,239.0,145.5080263297453,
1,3,3000,168,8,21,2026-01-01T06:00:00Z,0,,,,,1.0,1.0,1.0,1.0,297.0,150.36003917220992,
1,4,3000,168,8,21,2026-01-01T06:00:00Z,0,,,,,1.0,1.0,1.0,1.0,190.0,104.91523855036274,
1,5,3000,168,8,21,2026-01-01T06:00:00Z,0,,,,,1.0,1.0,1.0,1.0,240.0,131.2491200372051,
1,1,1000,168,12,14,2026-01-01T06:00:00Z,0,,,,,5.0,5.0,1.0,1.0,41.0,14.99432219913971,
1,2,1000,168,12,14,2026-01-01T06:00:00Z,1,179.0,0.3040414299185723,1.693731010375011,4.938271604938271,4.0,4.0,0.0,0.0,0.0,0.0,1.061277600001631
1,3,1000,168,12,14,2026-01-01T06:00:00Z,0,,,,,5.0,5.0,1.0,1.0,29.0,6.452288962788959,
1,4,1000,168,12,14,2026-01-01T06:00:00Z,0,,,,,5.0,5.0,0.0,2.0,0.0,0.8579218607361625,
1,5,1000,168,12,14,2026-01-01T06:00:00Z,0,,,,,5.0,5.0,0.0,1.0,0.0,1.9055632522173198,
1,1,2000,168,12,14,2026-01-01T06:00:00Z,0,,,,,1.0,1.0,1.0,1.0,185.0,68.2601257099262,
1,2,2000,168,12,14,2026-01-01T06:00:00Z,0,,,,,5.0,5.0,1.0,2.0,26.0,21.207245545925023,
1,3,2000,168,12,14,2026-01-01T06:00:00Z,0,,,,,5.0,5.0,1.0,1.0,103.0,33.591335560759546,
1,4,2000,168,12,14,2026-01-01T06:00:00Z,0,,,,,1.0,1.0,1.0,1.0,122.0,56.89856661303844,
1,5,2000,168,12,14,2026-01-01T06:00:00Z,0,,,,,1.0,1.0,1.0,1.0,206.0,77.61752056883523,
1,1,3000,168,12,14,2026-01-01T06:00:00Z,0,,,,,1.0,1.0,1.0,1.0,266.0,117.24776053194859,
1,2,3000,168,12,14,2026-01-01T06:00:00Z,0,,,,,1.0,1.0,1.0,1.0,224.0,83.10545235907026,
1,3,3000,168,12,14,2026-01-01T06:00:00Z,0,,,,,1.0,1.0,1.0,1.0,286.0,114.47634476921775,
1,4,3000,168,12,14,2026-01-01T06:00:00Z,0,,,,,1.0,1.0,1.0,1.0,160.0,85.98832584219862,
1,5,3000,168,12,14,2026-01-01T06:00:00Z,0,,,,,1.0,1.0,1.0,1.0,264.0,112.03887595653038,
1,1,1000,192,6,32,2026-01-01T06:00:00Z,0,,,,,4.0,4.0,0.0,1.0,0.0,8.210814195357273,
1,2,1000,192,6,32,2026-01-01T06:00:00Z,0,,,,,4.0,4.0,0.0,1.0,0.0,4.574308272859803,
1,3,1000,192,6,32,2026-01-01T06:00:00Z,1,162.0,0.3374243858027796,3.21753442420981,12.903225806451612,4.0,4.0,0.0,0.0,0.0,0.0,0.9670880000012403
1,4,1000,192,6,32,2026-01-01T06:00:00Z,0,,,,,4.0,4.0,1.0,2.0,2.0,7.80932072659326,
1,5,1000,192,6,32,2026-01-01T06:00:00Z,1,192.0,0.45754044854791615,2.541652332550927,7.070707070707071,5.0,5.0,0.0,0.0,0.0,0.0,2.03988049999316
1,1,2000,192,6,32,2026-01-01T06:00:00Z,0,,,,,5.0,5.0,2.0,2.0,49.0,60.292583514143146,
1,2,2000,192,6,32,2026-01-01T06:00:00Z,0,,,,,1.0,1.0,1.0,1.0,142.0,79.00470694712223,
1,3,2000,192,6,32,2026-01-01T06:00:00Z,0,,,,,5.0,5.0,1.0,2.0,23.0,27.509696781568408,
1,4,2000,192,6,32,2026-01-01T06:00:00Z,0,,,,,1.0,1.0,1.0,1.0,185.0,98.52797775165624,
1,5,2000,192,6,32,2026-01-01T06:00:00Z,0,,,,,1.0,1.0,1.0,1.0,135.0,77.48470512984636,
1,1,3000,192,6,32,2026-01-01T06:00:00Z,0,,,,,2.0,2.0,1.0,1.0,212.0,124.50886699734986,
1,2,3000,192,6,32,2026-01-01T06:00:00Z,0,,,,,1.0,1.0,1.0,1.0,196.0,129.03866380528837,
1,3,3000,192,6,32,2026-01-01T06:00:00Z,0,,,,,1.0,1.0,1.0,1.0,184.0,113.33563540294597,
1,4,3000,192,6,32,2026-01-01T06:00:00Z,0,,,,,1.0,1.0,1.0,1.0,251.0,158.97104382354098,
1,5,3000,192,6,32,2026-01-01T06:00:00Z,0,,,,,1.0,1.0,1.0,1.0,204.0,127.68414017203244,
1,1,1000,192,8,24,2026-01-01T06:00:00Z,0,,,,,5.0,5.0,1.0,0.0,5.0,0.0,
1,2,1000,192,8,24,2026-01-01T06:00:00Z,1,253.0,0.31106870073562926,4.832271321570403,12.844036697247706,4.0,4.0,0.0,0.0,0.0,0.0,3.053489100006118
1,3,1000,192,8,24,2026-01-01T06:00:00Z,0,,,,,5.0,5.0,1.0,0.0,10.0,0.0,
1,4,1000,192,8,24,2026-01-01T06:00:00Z,0,,,,,5.0,5.0,1.0,0.0,11.0,0.0,
1,5,1000,192,8,24,2026-01-01T06:00:00Z,1,,,,,5.0,5.0,0.0,0.0,0.0,0.0,
1,1,2000,192,8,24,2026-01-01T06:00:00Z,0,,,,,1.0,1.0,1.0,1.0,252.0,78.25275703697584,
1,2,2000,192,8,24,2026-01-01T06:00:00Z,0,,,,,1.0,1.0,1.0,1.0,230.0,84.50546713032206,
1,3,2000,192,8,24,2026-01-01T06:00:00Z,0,,,,,1.0,1.0,1.0,1.0,175.0,53.99999706421272,
1,4,2000,192,8,24,2026-01-01T06:00:00Z,0,,,,,1.0,1.0,1.0,1.0,256.0,80.07945880821104,
1,5,2000,192,8,24,2026-01-01T06:00:00Z,0,,,,,1.0,1.0,1.0,1.0,195.0,74.130170148391,
1,1,3000,192,8,24,2026-01-01T06:00:00Z,0,,,,,1.0,1.0,1.0,1.0,368.0,132.49054980357852,
1,2,3000,192,8,24,2026-01-01T06:00:00Z,0,,,,,1.0,1.0,1.0,1.0,314.0,135.02412224697247,
1,3,3000,192,8,24,2026-01-01T06:00:00Z,0,,,,,1.0,1.0,1.0,1.0,268.0,98.01149360718946,
1,4,3000,192,8,24,2026-01-01T06:00:00Z,0,,,,,1.0,1.0,1.0,1.0,385.0,127.24568229622207,
1,5,3000,192,8,24,2026-01-01T06:00:00Z,0,,,,,1.0,1.0,1.0,1.0,308.0,123.42496819489435,
1,1,1000,192,12,16,2026-01-01T06:00:00Z,0,,,,,5.0,5.0,1.0,1.0,1.0,7.304679092505051,
1,2,1000,192,12,16,2026-01-01T06:00:00Z,0,,,,,5.0,5.0,0.0,1.0,0.0,10.590310409693004,
1,3,1000,192,12,16,2026-01-01T06:00:00Z,1,216.0,0.2944825455452076,3.21753442420981,8.860759493670885,5.0,5.0,0.0,0.0,0.0,0.0,13.191506499999377
1,4,1000,192,12,16,2026-01-01T06:00:00Z,0,,,,,6.0,6.0,0.0,1.0,0.0,2.3131391673576047,
1,5,1000,192,12,16,2026-01-01T06:00:00Z,0,,,,,5.0,5.0,0.0,1.0,0.0,4.184736535425543,
1,1,2000,192,12,16,2026-01-01T06:00:00Z,0,,,,,6.0,6.0,1.0,3.0,60.0,49.8944505383091,
1,2,2000,192,12,16,2026-01-01T06:00:00Z,0,,,,,1.0,1.0,1.0,1.0,114.0,96.88778580476094,
1,3,2000,192,12,16,2026-01-01T06:00:00Z,0,,,,,6.0,6.0,1.0,3.0,51.0,60.019075467256755,
1,4,2000,192,12,16,2026-01-01T06:00:00Z,0,,,,,1.0,1.0,1.0,1.0,114.0,73.26192235360912,
1,5,2000,192,12,16,2026-01-01T06:00:00Z,0,,,,,1.0,1.0,1.0,1.0,169.0,95.79847240789924,
1,1,3000,192,12,16,2026-01-01T06:00:00Z,0,,,,,1.0,1.0,1.0,1.0,233.0,110.13239150640365,
1,2,3000,192,12,16,2026-01-01T06:00:00Z,0,,,,,1.0,1.0,1.0,1.0,204.0,154.0154357582791,
1,3,3000,192,12,16,2026-01-01T06:00:00Z,0,,,,,1.0,1.0,1.0,1.0,245.0,115.28704669594995,
1,4,3000,192,12,16,2026-01-01T06:00:00Z,0,,,,,1.0,1.0,1.0,1.0,163.0,110.79437943998141,
1,5,3000,192,12,16,2026-01-01T06:00:00Z,0,,,,,1.0,1.0,1.0,1.0,206.0,136.04168719795354,
1,1,1000,72,6,12,2026-01-01T12:00:00Z,0,,,,,1.0,1.0,1.0,1.0,32.0,3.964336878001113,
1,2,1000,72,6,12,2026-01-01T12:00:00Z,0,,,,,1.0,1.0,1.0,1.0,23.0,11.379376119934712,
1,3,1000,72,6,12,2026-01-01T12:00:00Z,0,,,,,1.0,1.0,1.0,1.0,1.0,4.502320851695735,
1,4,1000,72,6,12,2026-01-01T12:00:00Z,0,,,,,2.0,2.0,1.0,1.0,38.0,15.523881495966513,
1,5,1000,72,6,12,2026-01-01T12:00:00Z,0,,,,,2.0,2.0,0.0,1.0,0.0,1.0192312010304079,
1,1,2000,72,6,12,2026-01-01T12:00:00Z,0,,,,,1.0,1.0,1.0,1.0,109.0,33.09913211064722,
1,2,2000,72,6,12,2026-01-01T12:00:00Z,0,,,,,1.0,1.0,1.0,1.0,114.0,43.58364769378997,
1,3,2000,72,6,12,2026-01-01T12:00:00Z,0,,,,,1.0,1.0,1.0,1.0,54.0,36.62506738555876,
1,4,2000,72,6,12,2026-01-01T12:00:00Z,0,,,,,1.0,1.0,1.0,1.0,150.0,70.0010767970171,
1,5,2000,72,6,12,2026-01-01T12:00:00Z,0,,,,,1.0,1.0,1.0,1.0,77.0,44.39638966687326,
1,1,3000,72,6,12,2026-01-01T12:00:00Z,0,,,,,1.0,1.0,1.0,1.0,178.0,63.17609228013981,
1,2,3000,72,6,12,2026-01-01T12:00:00Z,0,,,,,1.0,1.0,1.0,1.0,159.0,78.41359830961268,
1,3,3000,72,6,12,2026-01-01T12:00:00Z,0,,,,,1.0,1.0,1.0,1.0,113.0,72.03914041889608,
1,4,3000,72,6,12,2026-01-01T12:00:00Z,0,,,,,1.0,1.0,1.0,1.0,212.0,124.93358945540135,
1,5,3000,72,6,12,2026-01-01T12:00:00Z,0,,,,,1.0,1.0,1.0,1.0,140.0,82.38033826261278,
1,1,1000,72,8,9,2026-01-01T12:00:00Z,1,35.0,0.4875801024281385,1.3456729201386786,13.636363636363637,1.0,1.0,0.0,0.0,0.0,0.0,0.12144239999906858
1,2,1000,72,8,9,2026-01-01T12:00:00Z,1,15.0,0.09353448592337285,0.2829617521472667,66.66666666666667,1.0,1.0,0.0,0.0,0.0,0.0,0.02366029999757302
1,3,1000,72,8,9,2026-01-01T12:00:00Z,1,9.0,0.10567006774438736,0.33527997856717373,0.0,1.0,1.0,0.0,0.0,0.0,0.0,0.027182499998161802
1,4,1000,72,8,9,2026-01-01T12:00:00Z,1,35.0,0.5725926928552686,0.9889438340529509,10.714285714285714,1.0,1.0,0.0,0.0,0.0,0.0,0.107031100003951
1,5,1000,72,8,9,2026-01-01T12:00:00Z,1,15.0,0.09380572785832526,0.2353158099439277,0.0,1.0,1.0,0.0,0.0,0.0,0.0,0.029860200007533422
1,1,2000,72,8,9,2026-01-01T12:00:00Z,0,,,,,1.0,1.0,0.0,1.0,0.0,8.85371370515142,
1,2,2000,72,8,9,2026-01-01T12:00:00Z,1,23.0,0.11793831317367133,0.40999896027962257,0.0,1.0,1.0,0.0,0.0,0.0,0.0,0.04588350000267383
1,3,2000,72,8,9,2026-01-01T12:00:00Z,1,24.0,0.11212737488931834,0.45816410948332786,0.0,1.0,1.0,0.0,0.0,0.0,0.0,0.04936009999801172
1,4,2000,72,8,9,2026-01-01T12:00:00Z,0,,,,,1.0,1.0,0.0,1.0,0.0,13.771036067768897,
1,5,2000,72,8,9,2026-01-01T12:00:00Z,1,18.0,0.09456898593084875,0.2340253711384191,0.0,1.0,1.0,0.0,0.0,0.0,0.0,0.03958489999786252
1,1,3000,72,8,9,2026-01-01T12:00:00Z,0,,,,,1.0,1.0,0.0,1.0,0.0,24.28159168572641,
1,2,3000,72,8,9,2026-01-01T12:00:00Z,1,23.0,0.121161610280643,0.33148688856682235,25.0,1.0,1.0,0.0,0.0,0.0,0.0,0.06423139999969862
1,3,3000,72,8,9,2026-01-01T12:00:00Z,1,25.0,0.1255611798483549,0.2485336816929989,50.0,1.0,1.0,0.0,0.0,0.0,0.0,0.06454200000007404
1,4,3000,72,8,9,2026-01-01T12:00:00Z,0,,,,,1.0,1.0,0.0,1.0,0.0,28.051743024310994,
1,5,3000,72,8,9,2026-01-01T12:00:00Z,1,28.0,0.1696726653885827,0.5873186313658479,33.333333333333336,1.0,1.0,0.0,0.0,0.0,0.0,0.07281870000224444
1,1,1000,72,12,6,2026-01-01T12:00:00Z,0,,,,,2.0,2.0,1.0,1.0,60.0,25.64552212983395,
1,2,1000,72,12,6,2026-01-01T12:00:00Z,0,,,,,2.0,2.0,1.0,1.0,30.0,8.250432717735222,
1,3,1000,72,12,6,2026-01-01T12:00:00Z,0,,,,,1.0,1.0,1.0,1.0,34.0,13.142489331825274,
1,4,1000,72,12,6,2026-01-01T12:00:00Z,0,,,,,2.0,2.0,1.0,1.0,81.0,21.12331346497291,
1,5,1000,72,12,6,2026-01-01T12:00:00Z,0,,,,,1.0,1.0,1.0,1.0,50.0,33.89368636236635,
1,1,2000,72,12,6,2026-01-01T12:00:00Z,0,,,,,2.0,2.0,1.0,1.0,153.0,79.92801745063787,
1,2,2000,72,12,6,2026-01-01T12:00:00Z,0,,,,,1.0,1.0,1.0,1.0,139.0,40.23119318559475,
1,3,2000,72,12,6,2026-01-01T12:00:00Z,0,,,,,1.0,1.0,1.0,1.0,101.0,51.0869720320249,
1,4,2000,72,12,6,2026-01-01T12:00:00Z,0,,,,,1.0,1.0,1.0,1.0,185.0,68.20328812961242,
1,5,2000,72,12,6,2026-01-01T12:00:00Z,0,,,,,1.0,1.0,1.0,1.0,142.0,89.10021859872816,
1,1,3000,72,12,6,2026-01-01T12:00:00Z,0,,,,,2.0,2.0,1.0,1.0,237.0,131.03472362631044,
1,2,3000,72,12,6,2026-01-01T12:00:00Z,0,,,,,1.0,1.0,1.0,1.0,196.0,73.06982611187718,
1,3,3000,72,12,6,2026-01-01T12:00:00Z,0,,,,,1.0,1.0,1.0,1.0,177.0,95.29736107705983,
1,4,3000,72,12,6,2026-01-01T12:00:00Z,0,,,,,1.0,1.0,1.0,1.0,257.0,119.69071210990938,
1,5,3000,72,12,6,2026-01-01T12:00:00Z,0,,,,,1.0,1.0,1.0,1.0,223.0,149.21865029831883,
1,1,1000,96,6,16,2026-01-01T12:00:00Z,0,,,,,3.0,3.0,0.0,1.0,0.0,4.9159374164952325,
1,2,1000,96,6,16,2026-01-01T12:00:00Z,1,,,,,3.0,3.0,0.0,0.0,0.0,0.0,
1,3,1000,96,6,16,2026-01-01T12:00:00Z,0,,,,,3.0,3.0,0.0,1.0,0.0,3.5172081890804243,
1,4,1000,96,6,16,2026-01-01T12:00:00Z,1,50.0,0.41636503716499085,2.803466356979292,9.090909090909092,1.0,1.0,0.0,0.0,0.0,0.0,0.09115580000070622
1,5,1000,96,6,16,2026-01-01T12:00:00Z,1,131.0,0.34103403857149955,1.5393664265296956,6.896551724137931,3.0,3.0,0.0,0.0,0.0,0.0,0.5607509000001301
1,1,2000,96,6,16,2026-01-01T12:00:00Z,0,,,,,1.0,1.0,1.0,1.0,67.0,46.25536423612775,
1,2,2000,96,6,16,2026-01-01T12:00:00Z,0,,,,,3.0,3.0,0.0,2.0,0.0,39.90443016068348,
1,3,2000,96,6,16,2026-01-01T12:00:00Z,0,,,,,1.0,1.0,1.0,1.0,82.0,71.68027957913952,
1,4,2000,96,6,16,2026-01-01T12:00:00Z,0,,,,,1.0,1.0,1.0,1.0,1.0,22.98966299220521,
1,5,2000,96,6,16,2026-01-01T12:00:00Z,0,,,,,1.0,1.0,1.0,1.0,48.0,31.021771043933974,
1,1,3000,96,6,16,2026-01-01T12:00:00Z,0,,,,,1.0,1.0,1.0,1.0,108.0,85.47625957869292,
1,2,3000,96,6,16,2026-01-01T12:00:00Z,0,,,,,1.0,1.0,1.0,1.0,86.0,89.3916589390931,
1,3,3000,96,6,16,2026-01-01T12:00:00Z,0,,,,,1.0,1.0,1.0,1.0,124.0,117.70138641661987,
1,4,3000,96,6,16,2026-01-01T12:00:00Z,0,,,,,1.0,1.0,1.0,1.0,27.0,31.40633643202151,
1,5,3000,96,6,16,2026-01-01T12:00:00Z,0,,,,,1.0,1.0,1.0,1.0,69.0,48.6751791786715,
1,1,1000,96,8,12,2026-01-01T12:00:00Z,1,162.0,0.21939188286691547,1.1465304532490723,10.869565217391305,2.0,2.0,0.0,0.0,0.0,0.0,0.3311554999963846
1,2,1000,96,8,12,2026-01-01T12:00:00Z,0,,,,,3.0,3.0,1.0,2.0,23.0,14.526446221154629,
1,3,1000,96,8,12,2026-01-01T12:00:00Z,0,,,,,3.0,3.0,1.0,2.0,1.0,4.593563810566273,
1,4,1000,96,8,12,2026-01-01T12:00:00Z,0,,,,,3.0,3.0,1.0,2.0,44.0,16.783996523301678,
1,5,1000,96,8,12,2026-01-01T12:00:00Z,0,,,,,3.0,3.0,1.0,2.0,6.0,14.180357989559468,
1,1,2000,96,8,12,2026-01-01T12:00:00Z,0,,,,,1.0,1.0,1.0,1.0,109.0,33.09913211064722,
1,2,2000,96,8,12,2026-01-01T12:00:00Z,0,,,,,1.0,1.0,1.0,1.0,114.0,43.58364769378997,
1,3,2000,96,8,12,2026-01-01T12:00:00Z,0,,,,,1.0,1.0,1.0,1.0,54.0,36.62506738555876,
1,4,2000,96,8,12,2026-01-01T12:00:00Z,0,,,,,1.0,1.0,1.0,1.0,150.0,70.0010767970171,
1,5,2000,96,8,12,2026-01-01T12:00:00Z,0,,,,,1.0,1.0,1.0,1.0,77.0,44.39638966687326,
1,1,3000,96,8,12,2026-01-01T12:00:00Z,0,,,,,1.0,1.0,1.0,1.0,178.0,63.17609228013981,
1,2,3000,96,8,12,2026-01-01T12:00:00Z,0,,,,,1.0,1.0,1.0,1.0,159.0,78.41359830961268,
1,3,3000,96,8,12,2026-01-01T12:00:00Z,0,,,,,1.0,1.0,1.0,1.0,113.0,72.03914041889608,
1,4,3000,96,8,12,2026-01-01T12:00:00Z,0,,,,,1.0,1.0,1.0,1.0,212.0,124.93358945540135,
1,5,3000,96,8,12,2026-01-01T12:00:00Z,0,,,,,1.0,1.0,1.0,1.0,140.0,82.38033826261278,
1,1,1000,96,12,8,2026-01-01T12:00:00Z,0,,,,,3.0,3.0,2.0,1.0,82.0,1.7321698016990794,
1,2,1000,96,12,8,2026-01-01T12:00:00Z,0,,,,,3.0,3.0,2.0,1.0,71.0,18.95070965953913,
1,3,1000,96,12,8,2026-01-01T12:00:00Z,0,,,,,3.0,3.0,2.0,1.0,75.0,9.949349575736669,
1,4,1000,96,12,8,2026-01-01T12:00:00Z,0,,,,,3.0,3.0,1.0,1.0,98.0,13.648771319223982,
1,5,1000,96,12,8,2026-01-01T12:00:00Z,0,,,,,3.0,3.0,2.0,2.0,92.0,8.266164086171258,
1,1,2000,96,12,8,2026-01-01T12:00:00Z,0,,,,,1.0,1.0,1.0,1.0,369.0,96.39513599321867,
1,2,2000,96,12,8,2026-01-01T12:00:00Z,0,,,,,1.0,1.0,1.0,1.0,355.0,102.634967510855,
1,3,2000,96,12,8,2026-01-01T12:00:00Z,0,,,,,1.0,1.0,1.0,1.0,347.0,104.21001923986799,
1,4,2000,96,12,8,2026-01-01T12:00:00Z,0,,,,,1.0,1.0,1.0,1.0,353.0,106.91116231870063,
1,5,2000,96,12,8,2026-01-01T12:00:00Z,0,,,,,1.0,1.0,1.0,1.0,342.0,115.6793609102771,
1,1,3000,96,12,8,2026-01-01T12:00:00Z,0,,,,,1.0,1.0,1.0,1.0,518.0,159.22542280624037,
1,2,3000,96,12,8,2026-01-01T12:00:00Z,0,,,,,1.0,1.0,1.0,1.0,475.0,164.46611148137222,
1,3,3000,96,12,8,2026-01-01T12:00:00Z,0,,,,,1.0,1.0,1.0,1.0,494.0,169.23927852682493,
1,4,3000,96,12,8,2026-01-01T12:00:00Z,0,,,,,1.0,1.0,1.0,1.0,473.0,164.03330752599445,
1,5,3000,96,12,8,2026-01-01T12:00:00Z,0,,,,,1.0,1.0,1.0,1.0,483.0,175.94590146481448,
1,1,1000,120,6,20,2026-01-01T12:00:00Z,0,,,,,2.0,2.0,2.0,1.0,85.0,1.8849310199850393,
1,2,1000,120,6,20,2026-01-01T12:00:00Z,0,,,,,3.0,3.0,2.0,2.0,55.0,17.471376813932853,
1,3,1000,120,6,20,2026-01-01T12:00:00Z,0,,,,,3.0,3.0,2.0,1.0,94.0,12.280135221687168,
1,4,1000,120,6,20,2026-01-01T12:00:00Z,0,,,,,3.0,3.0,2.0,2.0,26.0,10.644089620554297,
1,5,1000,120,6,20,2026-01-01T12:00:00Z,0,,,,,3.0,3.0,2.0,1.0,81.0,13.638462169010452,
1,1,2000,120,6,20,2026-01-01T12:00:00Z,0,,,,,1.0,1.0,1.0,1.0,325.0,71.15342843088828,
1,2,2000,120,6,20,2026-01-01T12:00:00Z,0,,,,,1.0,1.0,1.0,1.0,310.0,101.87256396998332,
1,3,2000,120,6,20,2026-01-01T12:00:00Z,0,,,,,1.0,1.0,1.0,1.0,342.0,98.80414582555818,
1,4,2000,120,6,20,2026-01-01T12:00:00Z,0,,,,,1.0,1.0,1.0,1.0,268.0,93.2916885521788,
1,5,2000,120,6,20,2026-01-01T12:00:00Z,0,,,,,1.0,1.0,1.0,1.0,326.0,103.48330622471688,
1,1,3000,120,6,20,2026-01-01T12:00:00Z,0,,,,,1.0,1.0,1.0,1.0,447.0,120.86533496985163,
1,2,3000,120,6,20,2026-01-01T12:00:00Z,0,,,,,1.0,1.0,1.0,1.0,433.0,166.77869704625243,
1,3,3000,120,6,20,2026-01-01T12:00:00Z,0,,,,,1.0,1.0,1.0,1.0,477.0,166.02421250263114,
1,4,3000,120,6,20,2026-01-01T12:00:00Z,0,,,,,1.0,1.0,1.0,1.0,378.0,143.14654230721317,
1,5,3000,120,6,20,2026-01-01T12:00:00Z,0,,,,,1.0,1.0,1.0,1.0,426.0,159.95705026757054,
1,1,1000,120,8,15,2026-01-01T12:00:00Z,0,,,,,3.0,3.0,1.0,2.0,35.0,6.744849775734828,
1,2,1000,120,8,15,2026-01-01T12:00:00Z,0,,,,,3.0,3.0,1.0,0.0,7.0,0.0,
1,3,1000,120,8,15,2026-01-01T12:00:00Z,1,149.0,0.2637310876007736,1.575746343434235,12.5,3.0,3.0,0.0,0.0,0.0,0.0,0.5918041999975685
1,4,1000,120,8,15,2026-01-01T12:00:00Z,0,,,,,3.0,3.0,1.0,1.0,40.0,8.709167533519334,
1,5,1000,120,8,15,2026-01-01T12:00:00Z,0,,,,,3.0,3.0,1.0,2.0,6.0,9.12015594457926,
1,1,2000,120,8,15,2026-01-01T12:00:00Z,0,,,,,1.0,1.0,1.0,1.0,226.0,78.13989143014622,
1,2,2000,120,8,15,2026-01-01T12:00:00Z,0,,,,,1.0,1.0,1.0,1.0,205.0,51.25646598465514,
1,3,2000,120,8,15,2026-01-01T12:00:00Z,0,,,,,1.0,1.0,1.0,1.0,146.0,45.360000535175885,
1,4,2000,120,8,15,2026-01-01T12:00:00Z,0,,,,,1.0,1.0,1.0,1.0,257.0,73.65261303294218,
1,5,2000,120,8,15,2026-01-01T12:00:00Z,0,,,,,1.0,1.0,1.0,1.0,186.0,76.11852316952373,
1,1,3000,120,8,15,2026-01-01T12:00:00Z,0,,,,,1.0,1.0,1.0,1.0,336.0,130.19856354468334,
1,2,3000,120,8,15,2026-01-01T12:00:00Z,0,,,,,1.0,1.0,1.0,1.0,283.0,87.52508913053319,
1,3,3000,120,8,15,2026-01-01T12:00:00Z,0,,,,,1.0,1.0,1.0,1.0,236.0,86.12791920147271,
1,4,3000,120,8,15,2026-01-01T12:00:00Z,0,,,,,1.0,1.0,1.0,1.0,341.0,122.86392406959325,
1,5,3000,120,8,15,2026-01-01T12:00:00Z,0,,,,,1.0,1.0,1.0,1.0,287.0,129.0152287643545,
1,1,1000,120,12,10,2026-01-01T12:00:00Z,0,,,,,3.0,3.0,1.0,1.0,10.0,9.28507637197869,
1,2,1000,120,12,10,2026-01-01T12:00:00Z,0,,,,,3.0,3.0,0.0,1.0,0.0,19.070412672368086,
1,3,1000,120,12,10,2026-01-01T12:00:00Z,0,,,,,3.0,3.0,1.0,1.0,31.0,11.6895541663539,
1,4,1000,120,12,10,2026-01-01T12:00:00Z,0,,,,,3.0,3.0,0.0,1.0,0.0,4.1975989157573,
1,5,1000,120,12,10,2026-01-01T12:00:00Z,0,,,,,3.0,3.0,1.0,2.0,4.0,3.94573803189105,
1,1,2000,120,12,10,2026-01-01T12:00:00Z,0,,,,,2.0,2.0,1.0,1.0,172.0,66.0145980009242,
1,2,2000,120,12,10,2026-01-01T12:00:00Z,0,,,,,3.0,3.0,1.0,1.0,60.0,56.25564628393846,
1,3,2000,120,12,10,2026-01-01T12:00:00Z,0,,,,,2.0,2.0,1.0,1.0,166.0,65.75295599956922,
1,4,2000,120,12,10,2026-01-01T12:00:00Z,0,,,,,1.0,1.0,1.0,1.0,127.0,65.03322536873654,
1,5,2000,120,12,10,2026-01-01T12:00:00Z,0,,,,,1.0,1.0,1.0,1.0,197.0,86.17231849666088,
1,1,3000,120,12,10,2026-01-01T12:00:00Z,0,,,,,2.0,2.0,1.0,1.0,243.0,111.71872248721738,
1,2,3000,120,12,10,2026-01-01T12:00:00Z,0,,,,,1.0,1.0,1.0,1.0,239.0,140.17133148748138,
1,3,3000,120,12,10,2026-01-01T12:00:00Z,0,,,,,1.0,1.0,1.0,1.0,298.0,146.95543116523584,
1,4,3000,120,12,10,2026-01-01T12:00:00Z,0,,,,,1.0,1.0,1.0,1.0,181.0,101.07487445795432,
1,5,3000,120,12,10,2026-01-01T12:00:00Z,0,,,,,1.0,1.0,1.0,1.0,262.0,121.73748428722723,
1,1,1000,144,6,24,2026-01-01T12:00:00Z,0,,,,,5.0,5.0,2.0,1.0,80.0,23.728028051267344,
1,2,1000,144,6,24,2026-01-01T12:00:00Z,0,,,,,4.0,4.0,1.0,1.0,105.0,14.270927478920733,
1,3,1000,144,6,24,2026-01-01T12:00:00Z,0,,,,,5.0,5.0,1.0,1.0,68.0,28.192763886563647,
1,4,1000,144,6,24,2026-01-01T12:00:00Z,0,,,,,4.0,4.0,2.0,2.0,61.0,20.623764745727847,
1,5,1000,144,6,24,2026-01-01T12:00:00Z,0,,,,,4.0,4.0,1.0,2.0,47.0,19.567229361401328,
1,1,2000,144,6,24,2026-01-01T12:00:00Z,0,,,,,1.0,1.0,1.0,1.0,369.0,96.39513599321867,
1,2,2000,144,6,24,2026-01-01T12:00:00Z,0,,,,,1.0,1.0,1.0,1.0,355.0,102.634967510855,
1,3,2000,144,6,24,2026-01-01T12:00:00Z,0,,,,,1.0,1.0,1.0,1.0,347.0,104.21001923986799,
1,4,2000,144,6,24,2026-01-01T12:00:00Z,0,,,,,1.0,1.0,1.0,1.0,353.0,106.91116231870063,
1,5,2000,144,6,24,2026-01-01T12:00:00Z,0,,,,,1.0,1.0,1.0,1.0,342.0,115.6793609102771,
1,1,3000,144,6,24,2026-01-01T12:00:00Z,0,,,,,1.0,1.0,1.0,1.0,518.0,159.22542280624037,
1,2,3000,144,6,24,2026-01-01T12:00:00Z,0,,,,,1.0,1.0,1.0,1.0,475.0,164.46611148137222,
1,3,3000,144,6,24,2026-01-01T12:00:00Z,0,,,,,1.0,1.0,1.0,1.0,494.0,169.23927852682493,
1,4,3000,144,6,24,2026-01-01T12:00:00Z,0,,,,,1.0,1.0,1.0,1.0,473.0,164.03330752599445,
1,5,3000,144,6,24,2026-01-01T12:00:00Z,0,,,,,1.0,1.0,1.0,1.0,483.0,175.94590146481448,
1,1,1000,144,8,18,2026-01-01T12:00:00Z,0,,,,,3.0,3.0,1.0,1.0,60.0,9.314824929496062,
1,2,1000,144,8,18,2026-01-01T12:00:00Z,0,,,,,3.0,3.0,1.0,1.0,62.0,20.296091752177126,
1,3,1000,144,8,18,2026-01-01T12:00:00Z,0,,,,,3.0,3.0,1.0,1.0,45.0,6.448816474842925,
1,4,1000,144,8,18,2026-01-01T12:00:00Z,0,,,,,1.0,1.0,1.0,1.0,167.0,32.00544914776867,
1,5,1000,144,8,18,2026-01-01T12:00:00Z,0,,,,,3.0,3.0,1.0,2.0,47.0,7.612163727937428,
1,1,2000,144,8,18,2026-01-01T12:00:00Z,0,,,,,2.0,2.0,1.0,1.0,225.0,68.08957030351581,
1,2,2000,144,8,18,2026-01-01T12:00:00Z,0,,,,,1.0,1.0,1.0,1.0,285.0,90.25667426711723,
1,3,2000,144,8,18,2026-01-01T12:00:00Z,0,,,,,1.0,1.0,1.0,1.0,247.0,72.7959634965054,
1,4,2000,144,8,18,2026-01-01T12:00:00Z,0,,,,,1.0,1.0,1.0,1.0,317.0,86.23769313890406,
1,5,2000,144,8,18,2026-01-01T12:00:00Z,0,,,,,1.0,1.0,1.0,1.0,242.0,68.43499653678398,
1,1,3000,144,8,18,2026-01-01T12:00:00Z,0,,,,,2.0,2.0,1.0,1.0,333.0,113.8237840043515,
1,2,3000,144,8,18,2026-01-01T12:00:00Z,0,,,,,1.0,1.0,1.0,1.0,388.0,138.54391990891315,
1,3,3000,144,8,18,2026-01-01T12:00:00Z,0,,,,,1.0,1.0,1.0,1.0,346.0,118.75659978739114,
1,4,3000,144,8,18,2026-01-01T12:00:00Z,0,,,,,1.0,1.0,1.0,1.0,431.0,140.3968162500247,
1,5,3000,144,8,18,2026-01-01T12:00:00Z,0,,,,,1.0,1.0,1.0,1.0,356.0,114.6353468119155,
1,1,1000,144,12,12,2026-01-01T12:00:00Z,0,,,,,1.0,1.0,1.0,1.0,32.0,3.964336878001113,
1,2,1000,144,12,12,2026-01-01T12:00:00Z,0,,,,,1.0,1.0,1.0,1.0,23.0,11.379376119934712,
1,3,1000,144,12,12,2026-01-01T12:00:00Z,0,,,,,1.0,1.0,1.0,1.0,1.0,4.502320851695735,
1,4,1000,144,12,12,2026-01-01T12:00:00Z,0,,,,,2.0,2.0,1.0,1.0,38.0,15.523881495966513,
1,5,1000,144,12,12,2026-01-01T12:00:00Z,0,,,,,2.0,2.0,0.0,1.0,0.0,1.0192312010304079,
1,1,2000,144,12,12,2026-01-01T12:00:00Z,0,,,,,1.0,1.0,1.0,1.0,109.0,33.09913211064722,
1,2,2000,144,12,12,2026-01-01T12:00:00Z,0,,,,,1.0,1.0,1.0,1.0,114.0,43.58364769378997,
1,3,2000,144,12,12,2026-01-01T12:00:00Z,0,,,,,1.0,1.0,1.0,1.0,54.0,36.62506738555876,
1,4,2000,144,12,12,2026-01-01T12:00:00Z,0,,,,,1.0,1.0,1.0,1.0,150.0,70.0010767970171,
1,5,2000,144,12,12,2026-01-01T12:00:00Z,0,,,,,1.0,1.0,1.0,1.0,77.0,44.39638966687326,
1,1,3000,144,12,12,2026-01-01T12:00:00Z,0,,,,,1.0,1.0,1.0,1.0,178.0,63.17609228013981,
1,2,3000,144,12,12,2026-01-01T12:00:00Z,0,,,,,1.0,1.0,1.0,1.0,159.0,78.41359830961268,
1,3,3000,144,12,12,2026-01-01T12:00:00Z,0,,,,,1.0,1.0,1.0,1.0,113.0,72.03914041889608,
1,4,3000,144,12,12,2026-01-01T12:00:00Z,0,,,,,1.0,1.0,1.0,1.0,212.0,124.93358945540135,
1,5,3000,144,12,12,2026-01-01T12:00:00Z,0,,,,,1.0,1.0,1.0,1.0,140.0,82.38033826261278,
1,1,1000,168,6,28,2026-01-01T12:00:00Z,0,,,,,4.0,4.0,1.0,0.0,42.0,0.0,
1,2,1000,168,6,28,2026-01-01T12:00:00Z,0,,,,,4.0,4.0,1.0,0.0,31.0,0.0,
1,3,1000,168,6,28,2026-01-01T12:00:00Z,0,,,,,4.0,4.0,1.0,0.0,7.0,0.0,
1,4,1000,168,6,28,2026-01-01T12:00:00Z,0,,,,,4.0,4.0,1.0,1.0,62.0,7.671070222633006,
1,5,1000,168,6,28,2026-01-01T12:00:00Z,1,277.0,0.2560479708332458,3.5709372163736077,5.882352941176471,4.0,4.0,0.0,0.0,0.0,0.0,
1,1,2000,168,6,28,2026-01-01T12:00:00Z,0,,,,,1.0,1.0,1.0,1.0,270.0,74.51174080680964,
1,2,2000,168,6,28,2026-01-01T12:00:00Z,0,,,,,1.0,1.0,1.0,1.0,255.0,93.29064012631036,
1,3,2000,168,6,28,2026-01-01T12:00:00Z,0,,,,,1.0,1.0,1.0,1.0,213.0,63.2734714885145,
1,4,2000,168,6,28,2026-01-01T12:00:00Z,0,,,,,1.0,1.0,1.0,1.0,314.0,88.30065391181458,
1,5,2000,168,6,28,2026-01-01T12:00:00Z,0,,,,,1.0,1.0,1.0,1.0,212.0,70.62474772586796,
1,1,3000,168,6,28,2026-01-01T12:00:00Z,0,,,,,1.0,1.0,1.0,1.0,388.0,126.28399562745017,
1,2,3000,168,6,28,2026-01-01T12:00:00Z,0,,,,,1.0,1.0,1.0,1.0,348.0,143.94588162539256,
1,3,3000,168,6,28,2026-01-01T12:00:00Z,0,,,,,1.0,1.0,1.0,1.0,309.0,111.25645440424921,
1,4,3000,168,6,28,2026-01-01T12:00:00Z,0,,,,,1.0,1.0,1.0,1.0,410.0,142.9698390947207,
1,5,3000,168,6,28,2026-01-01T12:00:00Z,0,,,,,1.0,1.0,1.0,1.0,320.0,119.5526253679937,
1,1,1000,168,8,21,2026-01-01T12:00:00Z,0,,,,,3.0,3.0,2.0,2.0,73.0,9.325282076133245,
1,2,1000,168,8,21,2026-01-01T12:00:00Z,0,,,,,1.0,1.0,1.0,1.0,167.0,41.81932613724686,
1,3,1000,168,8,21,2026-01-01T12:00:00Z,0,,,,,1.0,1.0,1.0,1.0,167.0,40.80612331466271,
1,4,1000,168,8,21,2026-01-01T12:00:00Z,0,,,,,3.0,3.0,1.0,2.0,93.0,19.10694214046338,
1,5,1000,168,8,21,2026-01-01T12:00:00Z,0,,,,,3.0,3.0,1.0,2.0,50.0,21.490915053352737,
1,1,2000,168,8,21,2026-01-01T12:00:00Z,0,,,,,2.0,2.0,1.0,1.0,336.0,84.40695696705458,
1,2,2000,168,8,21,2026-01-01T12:00:00Z,0,,,,,1.0,1.0,1.0,1.0,324.0,107.23753051452226,
1,3,2000,168,8,21,2026-01-01T12:00:00Z,0,,,,,2.0,2.0,1.0,1.0,312.0,109.3331840814501,
1,4,2000,168,8,21,2026-01-01T12:00:00Z,0,,,,,2.0,2.0,1.0,1.0,338.0,107.86684240835564,
1,5,2000,168,8,21,2026-01-01T12:00:00Z,0,,,,,1.0,1.0,1.0,1.0,307.0,101.955601480755,
1,1,3000,168,8,21,2026-01-01T12:00:00Z,0,,,,,1.0,1.0,1.0,1.0,487.0,138.21889998247065,
1,2,3000,168,8,21,2026-01-01T12:00:00Z,0,,,,,1.0,1.0,1.0,1.0,448.0,170.52812211806406,
1,3,3000,168,8,21,2026-01-01T12:00:00Z,0,,,,,1.0,1.0,1.0,1.0,439.0,178.90737999757044,
1,4,3000,168,8,21,2026-01-01T12:00:00Z,0,,,,,2.0,2.0,1.0,1.0,469.0,163.47812377867842,
1,5,3000,168,8,21,2026-01-01T12:00:00Z,0,,,,,1.0,1.0,1.0,1.0,425.0,161.09620841866322,
1,1,1000,168,12,14,2026-01-01T12:00:00Z,0,,,,,4.0,4.0,2.0,1.0,78.0,18.32790906405905,
1,2,1000,168,12,14,2026-01-01T12:00:00Z,0,,,,,4.0,4.0,1.0,2.0,21.0,3.5980999237129616,
1,3,1000,168,12,14,2026-01-01T12:00:00Z,0,,,,,4.0,4.0,2.0,2.0,51.0,15.21415548258,
1,4,1000,168,12,14,2026-01-01T12:00:00Z,0,,,,,4.0,4.0,2.0,1.0,49.0,10.812544253470612,
1,5,1000,168,12,14,2026-01-01T12:00:00Z,0,,,,,4.0,4.0,1.0,2.0,55.0,3.860864034189621,
1,1,2000,168,12,14,2026-01-01T12:00:00Z,0,,,,,1.0,1.0,1.0,1.0,363.0,100.01052744984614,
1,2,2000,168,12,14,2026-01-01T12:00:00Z,0,,,,,1.0,1.0,1.0,1.0,329.0,100.3227847533124,
1,3,2000,168,12,14,2026-01-01T12:00:00Z,0,,,,,1.0,1.0,1.0,1.0,366.0,97.66548349444322,
1,4,2000,168,12,14,2026-01-01T12:00:00Z,0,,,,,1.0,1.0,1.0,1.0,337.0,120.31207995466934,
1,5,2000,168,12,14,2026-01-01T12:00:00Z,0,,,,,1.0,1.0,1.0,1.0,340.0,115.11297750768665,
1,1,3000,168,12,14,2026-01-01T12:00:00Z,0,,,,,1.0,1.0,1.0,1.0,531.0,166.00116657318836,
1,2,3000,168,12,14,2026-01-01T12:00:00Z,0,,,,,1.0,1.0,1.0,1.0,472.0,160.16275268643574,
1,3,3000,168,12,14,2026-01-01T12:00:00Z,0,,,,,1.0,1.0,1.0,1.0,501.0,161.67984989703132,
1,4,3000,168,12,14,2026-01-01T12:00:00Z,0,,,,,1.0,1.0,1.0,1.0,450.0,186.67960284436353,
1,5,3000,168,12,14,2026-01-01T12:00:00Z,0,,,,,1.0,1.0,1.0,1.0,482.0,180.80753530675372,
1,1,1000,192,6,32,2026-01-01T12:00:00Z,0,,,,,3.0,3.0,2.0,0.0,47.0,0.0,
1,2,1000,192,6,32,2026-01-01T12:00:00Z,0,,,,,5.0,5.0,1.0,0.0,17.0,0.0,
1,3,1000,192,6,32,2026-01-01T12:00:00Z,0,,,,,3.0,3.0,1.0,0.0,25.0,0.0,
1,4,1000,192,6,32,2026-01-01T12:00:00Z,0,,,,,5.0,5.0,1.0,1.0,18.0,5.014498851165161,
1,5,1000,192,6,32,2026-01-01T12:00:00Z,0,,,,,3.0,3.0,1.0,0.0,7.0,0.0,
1,1,2000,192,6,32,2026-01-01T12:00:00Z,0,,,,,6.0,6.0,3.0,2.0,236.0,50.32547036065233,
1,2,2000,192,6,32,2026-01-01T12:00:00Z,0,,,,,6.0,6.0,2.0,2.0,174.0,50.534115842416924,
1,3,2000,192,6,32,2026-01-01T12:00:00Z,0,,,,,5.0,5.0,2.0,2.0,173.0,46.106974274487506,
1,4,2000,192,6,32,2026-01-01T12:00:00Z,0,,,,,6.0,6.0,3.0,3.0,164.0,67.70479367192542,
1,5,2000,192,6,32,2026-01-01T12:00:00Z,0,,,,,6.0,6.0,3.0,2.0,154.0,54.82764446835005,
1,1,3000,192,6,32,2026-01-01T12:00:00Z,0,,,,,1.0,1.0,1.0,1.0,411.0,124.91851639294737,
1,2,3000,192,6,32,2026-01-01T12:00:00Z,0,,,,,1.0,1.0,1.0,1.0,396.0,173.7816473465987,
1,3,3000,192,6,32,2026-01-01T12:00:00Z,0,,,,,1.0,1.0,1.0,1.0,416.0,174.88213835981918,
1,4,3000,192,6,32,2026-01-01T12:00:00Z,0,,,,,1.0,1.0,1.0,1.0,323.0,130.81095561552172,
1,5,3000,192,6,32,2026-01-01T12:00:00Z,0,,,,,1.0,1.0,1.0,1.0,379.0,166.81322549207874,
1,1,1000,192,8,24,2026-01-01T12:00:00Z,0,,,,,4.0,4.0,1.0,1.0,86.0,7.729090644205584,
1,2,1000,192,8,24,2026-01-01T12:00:00Z,0,,,,,4.0,4.0,1.0,2.0,20.0,13.562980206905415,
1,3,1000,192,8,24,2026-01-01T12:00:00Z,0,,,,,4.0,4.0,1.0,1.0,25.0,8.736775596843238,
1,4,1000,192,8,24,2026-01-01T12:00:00Z,0,,,,,4.0,4.0,1.0,1.0,69.0,2.969499002784495,
1,5,1000,192,8,24,2026-01-01T12:00:00Z,0,,,,,5.0,5.0,1.0,1.0,63.0,11.290288124228454,
1,1,2000,192,8,24,2026-01-01T12:00:00Z,0,,,,,5.0,5.0,2.0,2.0,226.0,50.5476404405474,
1,2,2000,192,8,24,2026-01-01T12:00:00Z,0,,,,,1.0,1.0,1.0,1.0,355.0,102.634967510855,
1,3,2000,192,8,24,2026-01-01T12:00:00Z,0,,,,,1.0,1.0,1.0,1.0,347.0,104.21001923986799,
1,4,2000,192,8,24,2026-01-01T12:00:00Z,0,,,,,1.0,1.0,1.0,1.0,353.0,106.91116231870063,
1,5,2000,192,8,24,2026-01-01T12:00:00Z,0,,,,,1.0,1.0,1.0,1.0,342.0,115.6793609102771,
1,1,3000,192,8,24,2026-01-01T12:00:00Z,0,,,,,1.0,1.0,1.0,1.0,518.0,159.22542280624037,
1,2,3000,192,8,24,2026-01-01T12:00:00Z,0,,,,,1.0,1.0,1.0,1.0,475.0,164.46611148137222,
1,3,3000,192,8,24,2026-01-01T12:00:00Z,0,,,,,1.0,1.0,1.0,1.0,494.0,169.23927852682493,
1,4,3000,192,8,24,2026-01-01T12:00:00Z,0,,,,,1.0,1.0,1.0,1.0,473.0,164.03330752599445,
1,5,3000,192,8,24,2026-01-01T12:00:00Z,0,,,,,1.0,1.0,1.0,1.0,483.0,175.94590146481448,
1,1,1000,192,12,16,2026-01-01T12:00:00Z,0,,,,,1.0,1.0,1.0,0.0,4.0,0.0,
1,2,1000,192,12,16,2026-01-01T12:00:00Z,1,,,,,4.0,4.0,0.0,0.0,0.0,0.0,
1,3,1000,192,12,16,2026-01-01T12:00:00Z,1,64.0,0.21818792617865268,5.451818141444284,15.0,1.0,1.0,0.0,0.0,0.0,0.0,0.0789656000015384
1,4,1000,192,12,16,2026-01-01T12:00:00Z,1,186.0,0.34948814715926957,3.11084201951261,12.5,4.0,4.0,0.0,0.0,0.0,0.0,0.9035368000004382
1,5,1000,192,12,16,2026-01-01T12:00:00Z,1,73.0,0.2935036212161697,2.418936519027424,7.142857142857143,1.0,1.0,0.0,0.0,0.0,0.0,0.09421260000090115
1,1,2000,192,12,16,2026-01-01T12:00:00Z,0,,,,,1.0,1.0,1.0,1.0,69.0,15.538482461351855,
1,2,2000,192,12,16,2026-01-01T12:00:00Z,0,,,,,1.0,1.0,1.0,1.0,72.0,26.584268738270474,
1,3,2000,192,12,16,2026-01-01T12:00:00Z,0,,,,,1.0,1.0,1.0,1.0,1.0,7.99117681659046,
1,4,2000,192,12,16,2026-01-01T12:00:00Z,0,,,,,1.0,1.0,1.0,1.0,87.0,40.55602046314934,
1,5,2000,192,12,16,2026-01-01T12:00:00Z,0,,,,,1.0,1.0,1.0,1.0,19.0,20.451274085371963,
1,1,3000,192,12,16,2026-01-01T12:00:00Z,0,,,,,1.0,1.0,1.0,1.0,117.0,38.93788572288515,
1,2,3000,192,12,16,2026-01-01T12:00:00Z,0,,,,,1.0,1.0,1.0,1.0,92.0,53.07992452295467,
1,3,3000,192,12,16,2026-01-01T12:00:00Z,0,,,,,1.0,1.0,1.0,1.0,45.0,25.673018402401738,
1,4,3000,192,12,16,2026-01-01T12:00:00Z,0,,,,,1.0,1.0,1.0,1.0,125.0,76.78674285281353,
1,5,3000,192,12,16,2026-01-01T12:00:00Z,0,,,,,1.0,1.0,1.0,1.0,84.0,52.26934994902146,
1,1,1000,72,6,12,2026-01-01T18:00:00Z,1,65.0,0.2544962759030442,1.591054951498321,5.882352941176471,1.0,1.0,0.0,0.0,0.0,0.0,0.09955500000069151
1,2,1000,72,6,12,2026-01-01T18:00:00Z,0,,,,,1.0,1.0,0.0,1.0,0.0,8.382987238407978,
1,3,1000,72,6,12,2026-01-01T18:00:00Z,0,,,,,1.0,1.0,1.0,1.0,14.0,22.83145985441437,
1,4,1000,72,6,12,2026-01-01T18:00:00Z,0,,,,,1.0,1.0,1.0,1.0,15.0,21.60015450232838,
1,5,1000,72,6,12,2026-01-01T18:00:00Z,0,,,,,1.0,1.0,1.0,1.0,8.0,9.823094218779858,
1,1,2000,72,6,12,2026-01-01T18:00:00Z,0,,,,,1.0,1.0,1.0,1.0,9.0,11.616176519003623,
1,2,2000,72,6,12,2026-01-01T18:00:00Z,0,,,,,1.0,1.0,1.0,1.0,43.0,45.188082700413446,
1,3,2000,72,6,12,2026-01-01T18:00:00Z,0,,,,,1.0,1.0,1.0,1.0,87.0,73.34470709951542,
1,4,2000,72,6,12,2026-01-01T18:00:00Z,0,,,,,1.0,1.0,1.0,1.0,61.0,72.15137032578448,
1,5,2000,72,6,12,2026-01-01T18:00:00Z,0,,,,,1.0,1.0,1.0,1.0,62.0,47.01296702594158,
1,1,3000,72,6,12,2026-01-01T18:00:00Z,0,,,,,1.0,1.0,1.0,1.0,64.0,25.404498972889385,
1,2,3000,72,6,12,2026-01-01T18:00:00Z,0,,,,,1.0,1.0,1.0,1.0,87.0,77.38695000605728,
1,3,3000,72,6,12,2026-01-01T18:00:00Z,0,,,,,1.0,1.0,1.0,1.0,122.0,125.80470539398141,
1,4,3000,72,6,12,2026-01-01T18:00:00Z,0,,,,,1.0,1.0,1.0,1.0,106.0,113.76145408945692,
1,5,3000,72,6,12,2026-01-01T18:00:00Z,0,,,,,1.0,1.0,1.0,1.0,85.0,71.01279324012958,
1,1,1000,72,8,9,2026-01-01T18:00:00Z,0,,,,,2.0,2.0,1.0,1.0,9.0,7.401967199517607,
1,2,1000,72,8,9,2026-01-01T18:00:00Z,1,136.0,0.28296898663970954,1.2850345540191777,6.0,2.0,2.0,0.0,0.0,0.0,0.0,0.5080803000018932
1,3,1000,72,8,9,2026-01-01T18:00:00Z,0,,,,,2.0,2.0,0.0,1.0,0.0,0.5743902520081576,
1,4,1000,72,8,9,2026-01-01T18:00:00Z,0,,,,,1.0,1.0,1.0,1.0,121.0,26.910070752529876,
1,5,1000,72,8,9,2026-01-01T18:00:00Z,0,,,,,2.0,2.0,1.0,1.0,8.0,11.882358396184614,
1,1,2000,72,8,9,2026-01-01T18:00:00Z,0,,,,,1.0,1.0,1.0,1.0,212.0,76.16799675610321,
1,2,2000,72,8,9,2026-01-01T18:00:00Z,0,,,,,1.0,1.0,1.0,1.0,179.0,40.211408283062596,
1,3,2000,72,8,9,2026-01-01T18:00:00Z,0,,,,,1.0,1.0,1.0,1.0,137.0,43.109205482553534,
1,4,2000,72,8,9,2026-01-01T18:00:00Z,0,,,,,1.0,1.0,1.0,1.0,238.0,75.07310425878919,
1,5,2000,72,8,9,2026-01-01T18:00:00Z,0,,,,,1.0,1.0,1.0,1.0,176.0,78.44729786005877,
1,1,3000,72,8,9,2026-01-01T18:00:00Z,0,,,,,1.0,1.0,1.0,1.0,323.0,123.72399706014335,
1,2,3000,72,8,9,2026-01-01T18:00:00Z,0,,,,,1.0,1.0,1.0,1.0,255.0,71.65630471947063,
1,3,3000,72,8,9,2026-01-01T18:00:00Z,0,,,,,1.0,1.0,1.0,1.0,221.0,84.06242071624146,
1,4,3000,72,8,9,2026-01-01T18:00:00Z,0,,,,,1.0,1.0,1.0,1.0,336.0,124.79894261571732,
1,5,3000,72,8,9,2026-01-01T18:00:00Z,0,,,,,1.0,1.0,1.0,1.0,285.0,132.4166298629144,
1,1,1000,72,12,6,2026-01-01T18:00:00Z,0,,,,,1.0,1.0,1.0,1.0,217.0,36.720424433728226,
1,2,1000,72,12,6,2026-01-01T18:00:00Z,0,,,,,1.0,1.0,1.0,1.0,176.0,39.23185338736111,
1,3,1000,72,12,6,2026-01-01T18:00:00Z,0,,,,,1.0,1.0,1.0,1.0,184.0,37.21132573282938,
1,4,1000,72,12,6,2026-01-01T18:00:00Z,0,,,,,1.0,1.0,1.0,1.0,200.0,39.44878608834456,
1,5,1000,72,12,6,2026-01-01T18:00:00Z,0,,,,,1.0,1.0,1.0,1.0,181.0,44.02210062557229,
1,1,2000,72,12,6,2026-01-01T18:00:00Z,0,,,,,1.0,1.0,1.0,1.0,366.0,99.20584925324907,
1,2,2000,72,12,6,2026-01-01T18:00:00Z,0,,,,,1.0,1.0,1.0,1.0,355.0,101.89469364340573,
1,3,2000,72,12,6,2026-01-01T18:00:00Z,0,,,,,1.0,1.0,1.0,1.0,345.0,103.13217193093354,
1,4,2000,72,12,6,2026-01-01T18:00:00Z,0,,,,,1.0,1.0,1.0,1.0,355.0,106.71475928818074,
1,5,2000,72,12,6,2026-01-01T18:00:00Z,0,,,,,1.0,1.0,1.0,1.0,342.0,114.33870695798649,
1,1,3000,72,12,6,2026-01-01T18:00:00Z,0,,,,,1.0,1.0,1.0,1.0,514.0,164.61423984848656,
1,2,3000,72,12,6,2026-01-01T18:00:00Z,0,,,,,1.0,1.0,1.0,1.0,486.0,163.5752156467363,
1,3,3000,72,12,6,2026-01-01T18:00:00Z,0,,,,,1.0,1.0,1.0,1.0,489.0,167.9855884256574,
1,4,3000,72,12,6,2026-01-01T18:00:00Z,0,,,,,1.0,1.0,1.0,1.0,495.0,164.45454454711978,
1,5,3000,72,12,6,2026-01-01T18:00:00Z,0,,,,,1.0,1.0,1.0,1.0,492.0,175.62654439890792,
1,1,1000,96,6,16,2026-01-01T18:00:00Z,0,,,,,2.0,2.0,1.0,1.0,39.0,1.8227861975434543,
1,2,1000,96,6,16,2026-01-01T18:00:00Z,0,,,,,2.0,2.0,1.0,1.0,20.0,9.103304917286671,
1,3,1000,96,6,16,2026-01-01T18:00:00Z,1,88.0,0.2267869137303669,2.3206598681782453,10.714285714285714,1.0,1.0,0.0,0.0,0.0,0.0,0.12716530000398052
1,4,1000,96,6,16,2026-01-01T18:00:00Z,0,,,,,2.0,2.0,1.0,1.0,62.0,19.912728184537748,
1,5,1000,96,6,16,2026-01-01T18:00:00Z,0,,,,,2.0,2.0,1.0,1.0,1.0,1.9182582133902883,
1,1,2000,96,6,16,2026-01-01T18:00:00Z,0,,,,,1.0,1.0,1.0,1.0,109.0,30.37345205748018,
1,2,2000,96,6,16,2026-01-01T18:00:00Z,0,,,,,1.0,1.0,1.0,1.0,105.0,41.90339743903846,
1,3,2000,96,6,16,2026-01-01T18:00:00Z,0,,,,,2.0,2.0,1.0,1.0,40.0,20.64613736610068,
1,4,2000,96,6,16,2026-01-01T18:00:00Z,0,,,,,1.0,1.0,1.0,1.0,141.0,62.56912134404956,
1,5,2000,96,6,16,2026-01-01T18:00:00Z,0,,,,,1.0,1.0,1.0,1.0,53.0,31.393418785905723,
1,1,3000,96,6,16,2026-01-01T18:00:00Z,0,,,,,1.0,1.0,1.0,1.0,197.0,57.268196881600616,
1,2,3000,96,6,16,2026-01-01T18:00:00Z,0,,,,,1.0,1.0,1.0,1.0,154.0,72.33302957735847,
1,3,3000,96,6,16,2026-01-01T18:00:00Z,0,,,,,1.0,1.0,1.0,1.0,108.0,45.47559822125871,
1,4,3000,96,6,16,2026-01-01T18:00:00Z,0,,,,,1.0,1.0,1.0,1.0,210.0,113.29638540843962,
1,5,3000,96,6,16,2026-01-01T18:00:00Z,0,,,,,1.0,1.0,1.0,1.0,137.0,65.83521223718853,
1,1,1000,96,8,12,2026-01-01T18:00:00Z,0,,,,,3.0,3.0,1.0,0.0,1.0,0.0,
1,2,1000,96,8,12,2026-01-01T18:00:00Z,0,,,,,3.0,3.0,1.0,2.0,26.0,15.1242974828753,
1,3,1000,96,8,12,2026-01-01T18:00:00Z,0,,,,,3.0,3.0,1.0,2.0,10.0,5.020698474270326,
1,4,1000,96,8,12,2026-01-01T18:00:00Z,0,,,,,3.0,3.0,2.0,1.0,21.0,21.60015450232838,
1,5,1000,96,8,12,2026-01-01T18:00:00Z,0,,,,,3.0,3.0,1.0,2.0,12.0,15.285448231758455,
1,1,2000,96,8,12,2026-01-01T18:00:00Z,0,,,,,1.0,1.0,1.0,1.0,111.0,32.92351761085186,
1,2,2000,96,8,12,2026-01-01T18:00:00Z,0,,,,,1.0,1.0,1.0,1.0,115.0,42.22067411743694,
1,3,2000,96,8,12,2026-01-01T18:00:00Z,0,,,,,1.0,1.0,1.0,1.0,60.0,35.925700694306286,
1,4,2000,96,8,12,2026-01-01T18:00:00Z,0,,,,,1.0,1.0,1.0,1.0,154.0,70.96747797339262,
1,5,2000,96,8,12,2026-01-01T18:00:00Z,0,,,,,1.0,1.0,1.0,1.0,82.0,52.32157048470573,
1,1,3000,96,8,12,2026-01-01T18:00:00Z,0,,,,,1.0,1.0,1.0,1.0,181.0,62.91515002943973,
1,2,3000,96,8,12,2026-01-01T18:00:00Z,0,,,,,1.0,1.0,1.0,1.0,163.0,76.72026700374263,
1,3,3000,96,8,12,2026-01-01T18:00:00Z,0,,,,,1.0,1.0,1.0,1.0,122.0,71.82545141344139,
1,4,3000,96,8,12,2026-01-01T18:00:00Z,0,,,,,1.0,1.0,1.0,1.0,214.0,123.75942477467359,
1,5,3000,96,8,12,2026-01-01T18:00:00Z,0,,,,,1.0,1.0,1.0,1.0,156.0,90.31895866032752,
1,1,1000,96,12,8,2026-01-01T18:00:00Z,0,,,,,1.0,1.0,1.0,1.0,136.0,26.23826479472948,
1,2,1000,96,12,8,2026-01-01T18:00:00Z,0,,,,,1.0,1.0,1.0,1.0,121.0,36.850680852027054,
1,3,1000,96,12,8,2026-01-01T18:00:00Z,0,,,,,1.0,1.0,1.0,1.0,96.0,16.490106805081673,
1,4,1000,96,12,8,2026-01-01T18:00:00Z,0,,,,,1.0,1.0,1.0,1.0,155.0,33.56305468532467,
1,5,1000,96,12,8,2026-01-01T18:00:00Z,0,,,,,1.0,1.0,1.0,1.0,98.0,25.727401467786905,
1,1,2000,96,12,8,2026-01-01T18:00:00Z,0,,,,,1.0,1.0,1.0,1.0,264.0,75.66971000732511,
1,2,2000,96,12,8,2026-01-01T18:00:00Z,0,,,,,1.0,1.0,1.0,1.0,245.0,96.39401573450351,
1,3,2000,96,12,8,2026-01-01T18:00:00Z,0,,,,,1.0,1.0,1.0,1.0,192.0,60.19087007537138,
1,4,2000,96,12,8,2026-01-01T18:00:00Z,0,,,,,1.0,1.0,1.0,1.0,298.0,87.27795271202557,
1,5,2000,96,12,8,2026-01-01T18:00:00Z,0,,,,,1.0,1.0,1.0,1.0,218.0,72.97702172108424,
1,1,3000,96,12,8,2026-01-01T18:00:00Z,0,,,,,1.0,1.0,1.0,1.0,372.0,130.13317959465428,
1,2,3000,96,12,8,2026-01-01T18:00:00Z,0,,,,,1.0,1.0,1.0,1.0,344.0,147.98364773085632,
1,3,3000,96,12,8,2026-01-01T18:00:00Z,0,,,,,1.0,1.0,1.0,1.0,286.0,104.09312943174919,
1,4,3000,96,12,8,2026-01-01T18:00:00Z,0,,,,,1.0,1.0,1.0,1.0,403.0,142.19856837814137,
1,5,3000,96,12,8,2026-01-01T18:00:00Z,0,,,,,1.0,1.0,1.0,1.0,311.0,121.93273944286096,
1,1,1000,120,6,20,2026-01-01T18:00:00Z,1,38.0,0.4863207915420582,1.2337439938111419,19.047619047619047,1.0,1.0,0.0,0.0,0.0,0.0,0.19485919999715406
1,2,1000,120,6,20,2026-01-01T18:00:00Z,1,19.0,0.09354067505634187,0.3129176974557267,50.0,1.0,1.0,0.0,0.0,0.0,0.0,0.03959939999913331
1,3,1000,120,6,20,2026-01-01T18:00:00Z,1,21.0,0.08983882477217874,0.2985427673736209,0.0,1.0,1.0,0.0,0.0,0.0,0.0,0.03995229999782168
1,4,1000,120,6,20,2026-01-01T18:00:00Z,0,,,,,1.0,1.0,0.0,1.0,0.0,2.0080692645527023,
1,5,1000,120,6,20,2026-01-01T18:00:00Z,1,19.0,0.4062169323573784,5.827381227980673,0.0,1.0,1.0,0.0,0.0,0.0,0.0,0.03352019999510958
1,1,2000,120,6,20,2026-01-01T18:00:00Z,0,,,,,3.0,3.0,1.0,2.0,2.0,17.665098744081064,
1,2,2000,120,6,20,2026-01-01T18:00:00Z,1,41.0,0.14834909249897507,0.6054501845305374,0.0,1.0,1.0,0.0,0.0,0.0,0.0,0.06393109999771696
1,3,2000,120,6,20,2026-01-01T18:00:00Z,1,31.0,0.15696431568271627,0.899622741731573,40.0,1.0,1.0,0.0,0.0,0.0,0.0,0.055997899999056244
1,4,2000,120,6,20,2026-01-01T18:00:00Z,0,,,,,1.0,1.0,0.0,1.0,0.0,26.595079493269267,
1,5,2000,120,6,20,2026-01-01T18:00:00Z,1,33.0,0.497170083805835,4.327761741998356,0.0,1.0,1.0,0.0,0.0,0.0,0.0,0.06764019999900484
1,1,3000,120,6,20,2026-01-01T18:00:00Z,0,,,,,1.0,1.0,0.0,1.0,0.0,26.41146173015349,
1,2,3000,120,6,20,2026-01-01T18:00:00Z,1,48.0,0.12760236250786824,0.33249659309245905,16.666666666666668,1.0,1.0,0.0,0.0,0.0,0.0,0.08777879999615834
1,3,3000,120,6,20,2026-01-01T18:00:00Z,1,38.0,0.12056464700269681,0.6063544009336146,0.0,1.0,1.0,0.0,0.0,0.0,0.0,0.06387139999787905
1,4,3000,120,6,20,2026-01-01T18:00:00Z,0,,,,,1.0,1.0,0.0,1.0,0.0,54.32258901745631,
1,5,3000,120,6,20,2026-01-01T18:00:00Z,0,,,,,1.0,1.0,0.0,1.0,0.0,5.7441709450956076,
1,1,1000,120,8,15,2026-01-01T18:00:00Z,1,125.0,0.28489027451101095,1.1169969028332771,8.695652173913043,3.0,3.0,0.0,0.0,0.0,0.0,0.4776634000008926
1,2,1000,120,8,15,2026-01-01T18:00:00Z,1,93.0,0.20218813945772163,0.809051979743847,16.666666666666668,1.0,1.0,0.0,0.0,0.0,0.0,0.11108119999698829
1,3,1000,120,8,15,2026-01-01T18:00:00Z,1,62.0,0.35265168789000284,2.729071868631613,21.73913043478261,1.0,1.0,0.0,0.0,0.0,0.0,0.10704289999557659
1,4,1000,120,8,15,2026-01-01T18:00:00Z,1,126.0,0.2770401031393322,1.3504623760308854,7.547169811320755,3.0,3.0,0.0,0.0,0.0,0.0,0.46606470000187983
1,5,1000,120,8,15,2026-01-01T18:00:00Z,1,76.0,0.31979300824227624,1.8221847174103034,6.896551724137931,3.0,3.0,0.0,0.0,0.0,0.0,0.3347918999970716
1,1,2000,120,8,15,2026-01-01T18:00:00Z,0,,,,,3.0,3.0,1.0,1.0,7.0,2.2185654387391764,
1,2,2000,120,8,15,2026-01-01T18:00:00Z,1,166.0,0.249731861020744,1.1361307872337343,5.769230769230769,3.0,3.0,0.0,0.0,0.0,0.0,2.460820299998886
1,3,2000,120,8,15,2026-01-01T18:00:00Z,0,,,,,3.0,3.0,0.0,1.0,0.0,3.1922713068032245,
1,4,2000,120,8,15,2026-01-01T18:00:00Z,0,,,,,3.0,3.0,1.0,2.0,31.0,18.256359757721214,
1,5,2000,120,8,15,2026-01-01T18:00:00Z,1,,,,,3.0,3.0,0.0,0.0,0.0,0.0,
1,1,3000,120,8,15,2026-01-01T18:00:00Z,0,,,,,1.0,1.0,1.0,1.0,118.0,55.48977356543867,
1,2,3000,120,8,15,2026-01-01T18:00:00Z,0,,,,,3.0,3.0,1.0,2.0,21.0,11.661942052818581,
1,3,3000,120,8,15,2026-01-01T18:00:00Z,0,,,,,3.0,3.0,0.0,2.0,0.0,28.72320869940808,
1,4,3000,120,8,15,2026-01-01T18:00:00Z,0,,,,,1.0,1.0,1.0,1.0,132.0,85.81891038732458,
1,5,3000,120,8,15,2026-01-01T18:00:00Z,0,,,,,1.0,1.0,1.0,1.0,81.0,64.57572775731396,
1,1,1000,120,12,10,2026-01-01T18:00:00Z,0,,,,,2.0,2.0,0.0,1.0,0.0,7.378623375918231,
1,2,1000,120,12,10,2026-01-01T18:00:00Z,1,146.0,0.22308440153988657,2.490134096963566,13.636363636363637,2.0,2.0,0.0,0.0,0.0,0.0,0.48187699999834877
1,3,1000,120,12,10,2026-01-01T18:00:00Z,1,128.0,0.29395879922725415,1.9450163373213978,13.461538461538462,2.0,2.0,0.0,0.0,0.0,0.0,0.3819240999982867
1,4,1000,120,12,10,2026-01-01T18:00:00Z,0,,,,,2.0,2.0,0.0,1.0,0.0,3.907607100662915,
1,5,1000,120,12,10,2026-01-01T18:00:00Z,0,,,,,2.0,2.0,0.0,2.0,0.0,9.914069348520961,
1,1,2000,120,12,10,2026-01-01T18:00:00Z,0,,,,,1.0,1.0,1.0,1.0,184.0,76.22360369361714,
1,2,2000,120,12,10,2026-01-01T18:00:00Z,0,,,,,1.0,1.0,1.0,1.0,154.0,36.1518665383889,
1,3,2000,120,12,10,2026-01-01T18:00:00Z,0,,,,,1.0,1.0,1.0,1.0,113.0,48.421283520547235,
1,4,2000,120,12,10,2026-01-01T18:00:00Z,0,,,,,1.0,1.0,1.0,1.0,200.0,71.70379240286958,
1,5,2000,120,12,10,2026-01-01T18:00:00Z,0,,,,,1.0,1.0,1.0,1.0,140.0,85.77756234514621,
1,1,3000,120,12,10,2026-01-01T18:00:00Z,0,,,,,1.0,1.0,1.0,1.0,281.0,125.97348045378322,
1,2,3000,120,12,10,2026-01-01T18:00:00Z,0,,,,,1.0,1.0,1.0,1.0,216.0,67.4931141751953,
1,3,3000,120,12,10,2026-01-01T18:00:00Z,0,,,,,1.0,1.0,1.0,1.0,187.0,89.8048276435357,
1,4,3000,120,12,10,2026-01-01T18:00:00Z,0,,,,,1.0,1.0,1.0,1.0,282.0,121.79263606578473,
1,5,3000,120,12,10,2026-01-01T18:00:00Z,0,,,,,1.0,1.0,1.0,1.0,245.0,141.4489247161622,
1,1,1000,144,6,24,2026-01-01T18:00:00Z,0,,,,,3.0,3.0,1.0,1.0,69.0,26.11113322769569,
1,2,1000,144,6,24,2026-01-01T18:00:00Z,0,,,,,3.0,3.0,1.0,1.0,45.0,9.322804302175548,
1,3,1000,144,6,24,2026-01-01T18:00:00Z,0,,,,,2.0,2.0,1.0,1.0,32.0,12.480389231693536,
1,4,1000,144,6,24,2026-01-01T18:00:00Z,0,,,,,3.0,3.0,1.0,1.0,80.0,24.189936852139674,
1,5,1000,144,6,24,2026-01-01T18:00:00Z,0,,,,,1.0,1.0,1.0,1.0,51.0,33.985013385358,
1,1,2000,144,6,24,2026-01-01T18:00:00Z,0,,,,,1.0,1.0,1.0,1.0,176.0,80.11463826337932,
1,2,2000,144,6,24,2026-01-01T18:00:00Z,0,,,,,1.0,1.0,1.0,1.0,143.0,39.46783139010526,
1,3,2000,144,6,24,2026-01-01T18:00:00Z,0,,,,,1.0,1.0,1.0,1.0,106.0,50.73437243118671,
1,4,2000,144,6,24,2026-01-01T18:00:00Z,0,,,,,1.0,1.0,1.0,1.0,189.0,70.78495455657105,
1,5,2000,144,6,24,2026-01-01T18:00:00Z,0,,,,,1.0,1.0,1.0,1.0,134.0,89.46608777825693,
1,1,3000,144,6,24,2026-01-01T18:00:00Z,0,,,,,1.0,1.0,1.0,1.0,264.0,132.68535215509263,
1,2,3000,144,6,24,2026-01-01T18:00:00Z,0,,,,,1.0,1.0,1.0,1.0,202.0,72.56016448061837,
1,3,3000,144,6,24,2026-01-01T18:00:00Z,0,,,,,1.0,1.0,1.0,1.0,187.0,94.01576838541338,
1,4,3000,144,6,24,2026-01-01T18:00:00Z,0,,,,,1.0,1.0,1.0,1.0,267.0,123.18623727651371,
1,5,3000,144,6,24,2026-01-01T18:00:00Z,0,,,,,1.0,1.0,1.0,1.0,221.0,149.24609711030396,
1,1,1000,144,8,18,2026-01-01T18:00:00Z,0,,,,,1.0,1.0,1.0,1.0,71.0,30.02335886300962,
1,2,1000,144,8,18,2026-01-01T18:00:00Z,0,,,,,1.0,1.0,1.0,1.0,53.0,28.183729487908877,
1,3,1000,144,8,18,2026-01-01T18:00:00Z,0,,,,,1.0,1.0,1.0,1.0,38.0,16.113777446569173,
1,4,1000,144,8,18,2026-01-01T18:00:00Z,0,,,,,3.0,3.0,0.0,2.0,0.0,10.303330883968393,
1,5,1000,144,8,18,2026-01-01T18:00:00Z,0,,,,,1.0,1.0,1.0,1.0,54.0,28.22839361271751,
1,1,2000,144,8,18,2026-01-01T18:00:00Z,0,,,,,1.0,1.0,1.0,1.0,156.0,86.55996480502735,
1,2,2000,144,8,18,2026-01-01T18:00:00Z,0,,,,,1.0,1.0,1.0,1.0,156.0,77.50748928563668,
1,3,2000,144,8,18,2026-01-01T18:00:00Z,0,,,,,1.0,1.0,1.0,1.0,111.0,56.41195206134577,
1,4,2000,144,8,18,2026-01-01T18:00:00Z,0,,,,,1.0,1.0,1.0,1.0,212.0,111.39519560718406,
1,5,2000,144,8,18,2026-01-01T18:00:00Z,0,,,,,1.0,1.0,1.0,1.0,145.0,76.13271740675818,
1,1,3000,144,8,18,2026-01-01T18:00:00Z,0,,,,,1.0,1.0,1.0,1.0,258.0,145.48797321051532,
1,2,3000,144,8,18,2026-01-01T18:00:00Z,0,,,,,1.0,1.0,1.0,1.0,225.0,124.79227121822049,
1,3,3000,144,8,18,2026-01-01T18:00:00Z,0,,,,,1.0,1.0,1.0,1.0,196.0,103.7780415980792,
1,4,3000,144,8,18,2026-01-01T18:00:00Z,0,,,,,1.0,1.0,1.0,1.0,282.0,179.11823347880892,
1,5,3000,144,8,18,2026-01-01T18:00:00Z,0,,,,,1.0,1.0,1.0,1.0,216.0,126.24949682327912,
1,1,1000,144,12,12,2026-01-01T18:00:00Z,0,,,,,1.0,1.0,1.0,1.0,34.0,3.5295351038373397,
1,2,1000,144,12,12,2026-01-01T18:00:00Z,0,,,,,1.0,1.0,1.0,1.0,26.0,11.020812032892032,
1,3,1000,144,12,12,2026-01-01T18:00:00Z,0,,,,,3.0,3.0,0.0,2.0,0.0,10.439234551873433,
1,4,1000,144,12,12,2026-01-01T18:00:00Z,0,,,,,2.0,2.0,1.0,1.0,39.0,15.51581712065419,
1,5,1000,144,12,12,2026-01-01T18:00:00Z,0,,,,,3.0,3.0,0.0,1.0,0.0,5.337356535083469,
1,1,2000,144,12,12,2026-01-01T18:00:00Z,0,,,,,1.0,1.0,1.0,1.0,111.0,32.92351761085186,
1,2,2000,144,12,12,2026-01-01T18:00:00Z,0,,,,,1.0,1.0,1.0,1.0,115.0,42.22067411743694,
1,3,2000,144,12,12,2026-01-01T18:00:00Z,0,,,,,1.0,1.0,1.0,1.0,60.0,35.925700694306286,
1,4,2000,144,12,12,2026-01-01T18:00:00Z,0,,,,,1.0,1.0,1.0,1.0,154.0,70.96747797339262,
1,5,2000,144,12,12,2026-01-01T18:00:00Z,0,,,,,1.0,1.0,1.0,1.0,82.0,52.32157048470573,
1,1,3000,144,12,12,2026-01-01T18:00:00Z,0,,,,,1.0,1.0,1.0,1.0,181.0,62.91515002943973,
1,2,3000,144,12,12,2026-01-01T18:00:00Z,0,,,,,1.0,1.0,1.0,1.0,163.0,76.72026700374263,
1,3,3000,144,12,12,2026-01-01T18:00:00Z,0,,,,,1.0,1.0,1.0,1.0,122.0,71.82545141344139,
1,4,3000,144,12,12,2026-01-01T18:00:00Z,0,,,,,1.0,1.0,1.0,1.0,214.0,123.75942477467359,
1,5,3000,144,12,12,2026-01-01T18:00:00Z,0,,,,,1.0,1.0,1.0,1.0,156.0,90.31895866032752,
1,1,1000,168,6,28,2026-01-01T18:00:00Z,1,156.0,0.22166717339542513,1.591054951498321,10.869565217391305,2.0,2.0,0.0,0.0,0.0,0.0,0.34286900000370224
1,2,1000,168,6,28,2026-01-01T18:00:00Z,0,,,,,3.0,3.0,0.0,1.0,0.0,7.4983763776359,
1,3,1000,168,6,28,2026-01-01T18:00:00Z,1,70.0,0.30655257678976505,5.225523792474356,19.23076923076923,1.0,1.0,0.0,0.0,0.0,0.0,0.10957640000196989
1,4,1000,168,6,28,2026-01-01T18:00:00Z,0,,,,,4.0,4.0,0.0,1.0,0.0,3.0416903406422406,
1,5,1000,168,6,28,2026-01-01T18:00:00Z,1,76.0,0.2914484780078494,1.61203971905727,3.3333333333333335,1.0,1.0,0.0,0.0,0.0,0.0,0.14640879999933532
1,1,2000,168,6,28,2026-01-01T18:00:00Z,0,,,,,4.0,4.0,1.0,2.0,71.0,22.200699026308317,
1,2,2000,168,6,28,2026-01-01T18:00:00Z,0,,,,,1.0,1.0,1.0,1.0,88.0,43.33914023183388,
1,3,2000,168,6,28,2026-01-01T18:00:00Z,0,,,,,1.0,1.0,1.0,1.0,18.0,21.191530041853504,
1,4,2000,168,6,28,2026-01-01T18:00:00Z,0,,,,,1.0,1.0,1.0,1.0,87.0,38.7021932477364,
1,5,2000,168,6,28,2026-01-01T18:00:00Z,0,,,,,1.0,1.0,1.0,1.0,29.0,20.86115105265707,
1,1,3000,168,6,28,2026-01-01T18:00:00Z,0,,,,,1.0,1.0,1.0,1.0,136.0,37.292406071007335,
1,2,3000,168,6,28,2026-01-01T18:00:00Z,0,,,,,1.0,1.0,1.0,1.0,126.0,77.40529131275488,
1,3,3000,168,6,28,2026-01-01T18:00:00Z,0,,,,,1.0,1.0,1.0,1.0,66.0,48.64270857278218,
1,4,3000,168,6,28,2026-01-01T18:00:00Z,0,,,,,1.0,1.0,1.0,1.0,155.0,73.93858365122597,
1,5,3000,168,6,28,2026-01-01T18:00:00Z,0,,,,,1.0,1.0,1.0,1.0,102.0,51.64400262124886,
1,1,1000,168,8,21,2026-01-01T18:00:00Z,0,,,,,5.0,5.0,1.0,1.0,82.0,9.79497677159268,
1,2,1000,168,8,21,2026-01-01T18:00:00Z,0,,,,,4.0,4.0,1.0,1.0,6.0,9.215318067234598,
1,3,1000,168,8,21,2026-01-01T18:00:00Z,0,,,,,5.0,5.0,1.0,1.0,62.0,10.797363126153954,
1,4,1000,168,8,21,2026-01-01T18:00:00Z,0,,,,,4.0,4.0,1.0,0.0,5.0,0.0,
1,5,1000,168,8,21,2026-01-01T18:00:00Z,0,,,,,4.0,4.0,1.0,1.0,24.0,8.010103897617526,
1,1,2000,168,8,21,2026-01-01T18:00:00Z,0,,,,,1.0,1.0,1.0,1.0,271.0,71.59275885923704,
1,2,2000,168,8,21,2026-01-01T18:00:00Z,0,,,,,1.0,1.0,1.0,1.0,226.0,99.41716792055806,
1,3,2000,168,8,21,2026-01-01T18:00:00Z,0,,,,,1.0,1.0,1.0,1.0,287.0,100.20885569685896,
1,4,2000,168,8,21,2026-01-01T18:00:00Z,0,,,,,1.0,1.0,1.0,1.0,204.0,69.46568054048785,
1,5,2000,168,8,21,2026-01-01T18:00:00Z,0,,,,,1.0,1.0,1.0,1.0,249.0,94.7655943654006,
1,1,3000,168,8,21,2026-01-01T18:00:00Z,0,,,,,1.0,1.0,1.0,1.0,370.0,118.10748629514899,
1,2,3000,168,8,21,2026-01-01T18:00:00Z,0,,,,,1.0,1.0,1.0,1.0,341.0,160.09616619876095,
1,3,3000,168,8,21,2026-01-01T18:00:00Z,0,,,,,1.0,1.0,1.0,1.0,392.0,172.86961454725122,
1,4,3000,168,8,21,2026-01-01T18:00:00Z,0,,,,,1.0,1.0,1.0,1.0,271.0,112.25705502248422,
1,5,3000,168,8,21,2026-01-01T18:00:00Z,0,,,,,1.0,1.0,1.0,1.0,346.0,142.88474469998454,
1,1,1000,168,12,14,2026-01-01T18:00:00Z,0,,,,,4.0,4.0,1.0,1.0,51.0,11.58753139150916,
1,2,1000,168,12,14,2026-01-01T18:00:00Z,0,,,,,4.0,4.0,1.0,2.0,25.0,13.552277173999773,
1,3,1000,168,12,14,2026-01-01T18:00:00Z,1,70.0,0.3235678869284228,5.073688248542141,15.384615384615385,1.0,1.0,0.0,0.0,0.0,0.0,0.09695310000097379
1,4,1000,168,12,14,2026-01-01T18:00:00Z,0,,,,,4.0,4.0,1.0,1.0,12.0,13.049239234958492,
1,5,1000,168,12,14,2026-01-01T18:00:00Z,0,,,,,4.0,4.0,1.0,1.0,33.0,16.397639184708126,
1,1,2000,168,12,14,2026-01-01T18:00:00Z,0,,,,,6.0,6.0,2.0,2.0,136.0,67.63154659425034,
1,2,2000,168,12,14,2026-01-01T18:00:00Z,0,,,,,6.0,6.0,2.0,2.0,154.0,76.9502150173536,
1,3,2000,168,12,14,2026-01-01T18:00:00Z,0,,,,,5.0,5.0,2.0,2.0,128.0,63.90683766467477,
1,4,2000,168,12,14,2026-01-01T18:00:00Z,0,,,,,6.0,6.0,2.0,2.0,96.0,67.57438361246663,
1,5,2000,168,12,14,2026-01-01T18:00:00Z,0,,,,,6.0,6.0,2.0,2.0,132.0,62.73485318905985,
1,1,3000,168,12,14,2026-01-01T18:00:00Z,0,,,,,1.0,1.0,1.0,1.0,139.0,67.4710662191488,
1,2,3000,168,12,14,2026-01-01T18:00:00Z,0,,,,,1.0,1.0,1.0,1.0,106.0,60.95661840051224,
1,3,3000,168,12,14,2026-01-01T18:00:00Z,0,,,,,1.0,1.0,1.0,1.0,67.0,56.79978638472514,
1,4,3000,168,12,14,2026-01-01T18:00:00Z,0,,,,,1.0,1.0,1.0,1.0,158.0,106.06660786893684,
1,5,3000,168,12,14,2026-01-01T18:00:00Z,0,,,,,1.0,1.0,1.0,1.0,87.0,63.545284974208855,
1,1,1000,192,6,32,2026-01-01T18:00:00Z,0,,,,,3.0,3.0,1.0,1.0,11.0,9.26580004068584,
1,2,1000,192,6,32,2026-01-01T18:00:00Z,0,,,,,5.0,5.0,0.0,1.0,0.0,7.314240654003811,
1,3,1000,192,6,32,2026-01-01T18:00:00Z,0,,,,,5.0,5.0,0.0,1.0,0.0,1.1860801231299867,
1,4,1000,192,6,32,2026-01-01T18:00:00Z,0,,,,,4.0,4.0,1.0,1.0,22.0,12.370312758633851,
1,5,1000,192,6,32,2026-01-01T18:00:00Z,0,,,,,5.0,5.0,1.0,1.0,7.0,7.024252269564137,
1,1,2000,192,6,32,2026-01-01T18:00:00Z,0,,,,,5.0,5.0,1.0,2.0,132.0,61.35822971556634,
1,2,2000,192,6,32,2026-01-01T18:00:00Z,0,,,,,1.0,1.0,1.0,1.0,163.0,71.57909542520898,
1,3,2000,192,6,32,2026-01-01T18:00:00Z,0,,,,,5.0,5.0,1.0,2.0,23.0,28.15313061736529,
1,4,2000,192,6,32,2026-01-01T18:00:00Z,0,,,,,1.0,1.0,1.0,1.0,211.0,106.05429882836668,
1,5,2000,192,6,32,2026-01-01T18:00:00Z,0,,,,,1.0,1.0,1.0,1.0,152.0,75.54361593579202,
1,1,3000,192,6,32,2026-01-01T18:00:00Z,0,,,,,2.0,2.0,1.0,1.0,251.0,139.76110664645648,
1,2,3000,192,6,32,2026-01-01T18:00:00Z,0,,,,,1.0,1.0,1.0,1.0,227.0,118.69352689596948,
1,3,3000,192,6,32,2026-01-01T18:00:00Z,0,,,,,1.0,1.0,1.0,1.0,189.0,97.50978665488277,
1,4,3000,192,6,32,2026-01-01T18:00:00Z,0,,,,,1.0,1.0,1.0,1.0,306.0,170.62499472100035,
1,5,3000,192,6,32,2026-01-01T18:00:00Z,0,,,,,1.0,1.0,1.0,1.0,228.0,126.04048781242801,
1,1,1000,192,8,24,2026-01-01T18:00:00Z,0,,,,,4.0,4.0,2.0,1.0,101.0,26.201263863077777,
1,2,1000,192,8,24,2026-01-01T18:00:00Z,0,,,,,4.0,4.0,2.0,1.0,76.0,18.131797624462628,
1,3,1000,192,8,24,2026-01-01T18:00:00Z,0,,,,,3.0,3.0,2.0,2.0,76.0,17.00373018747996,
1,4,1000,192,8,24,2026-01-01T18:00:00Z,0,,,,,4.0,4.0,1.0,1.0,74.0,19.822095353924524,
1,5,1000,192,8,24,2026-01-01T18:00:00Z,0,,,,,4.0,4.0,2.0,1.0,58.0,34.355716337845635,
1,1,2000,192,8,24,2026-01-01T18:00:00Z,0,,,,,1.0,1.0,1.0,1.0,348.0,87.22567700186289,
1,2,2000,192,8,24,2026-01-01T18:00:00Z,0,,,,,1.0,1.0,1.0,1.0,329.0,100.95875238169539,
1,3,2000,192,8,24,2026-01-01T18:00:00Z,0,,,,,1.0,1.0,1.0,1.0,343.0,97.28717381922527,
1,4,2000,192,8,24,2026-01-01T18:00:00Z,0,,,,,1.0,1.0,1.0,1.0,281.0,94.76708899626377,
1,5,2000,192,8,24,2026-01-01T18:00:00Z,0,,,,,1.0,1.0,1.0,1.0,338.0,100.24277166962145,
1,1,3000,192,8,24,2026-01-01T18:00:00Z,0,,,,,1.0,1.0,1.0,1.0,487.0,147.49050577772235,
1,2,3000,192,8,24,2026-01-01T18:00:00Z,0,,,,,1.0,1.0,1.0,1.0,457.0,162.2471020847224,
1,3,3000,192,8,24,2026-01-01T18:00:00Z,0,,,,,1.0,1.0,1.0,1.0,463.0,164.01066316307492,
1,4,3000,192,8,24,2026-01-01T18:00:00Z,0,,,,,1.0,1.0,1.0,1.0,402.0,148.73906144139897,
1,5,3000,192,8,24,2026-01-01T18:00:00Z,0,,,,,1.0,1.0,1.0,1.0,458.0,155.5984850671589,
1,1,1000,192,12,16,2026-01-01T18:00:00Z,1,192.0,0.2585400823187507,1.2407643107426856,9.523809523809524,5.0,5.0,0.0,0.0,0.0,0.0,1.332468799999333
1,2,1000,192,12,16,2026-01-01T18:00:00Z,1,149.0,0.3265944522820165,2.343389701874422,12.068965517241379,5.0,5.0,0.0,0.0,0.0,0.0,1.7042323000059696
1,3,1000,192,12,16,2026-01-01T18:00:00Z,1,88.0,0.2267869137303669,2.3206598681782453,10.714285714285714,1.0,1.0,0.0,0.0,0.0,0.0,0.12618579999616486
1,4,1000,192,12,16,2026-01-01T18:00:00Z,0,,,,,5.0,5.0,0.0,1.0,0.0,0.05148150535329066,
1,5,1000,192,12,16,2026-01-01T18:00:00Z,1,139.0,0.32572668008173267,2.0763510771005786,1.9230769230769231,5.0,5.0,0.0,0.0,0.0,0.0,0.9310779000006733
1,1,2000,192,12,16,2026-01-01T18:00:00Z,0,,,,,6.0,6.0,1.0,2.0,27.0,31.61993348636279,
1,2,2000,192,12,16,2026-01-01T18:00:00Z,0,,,,,4.0,4.0,1.0,1.0,108.0,41.48225470069207,
1,3,2000,192,12,16,2026-01-01T18:00:00Z,0,,,,,5.0,5.0,0.0,2.0,0.0,9.720010005723118,
1,4,2000,192,12,16,2026-01-01T18:00:00Z,0,,,,,4.0,4.0,1.0,1.0,141.0,62.076248763480436,
1,5,2000,192,12,16,2026-01-01T18:00:00Z,0,,,,,5.0,5.0,0.0,1.0,0.0,12.635630090329855,
1,1,3000,192,12,16,2026-01-01T18:00:00Z,0,,,,,1.0,1.0,1.0,1.0,197.0,57.268196881600616,
1,2,3000,192,12,16,2026-01-01T18:00:00Z,0,,,,,1.0,1.0,1.0,1.0,154.0,72.33302957735847,
1,3,3000,192,12,16,2026-01-01T18:00:00Z,0,,,,,6.0,6.0,1.0,3.0,50.0,50.98329307839406,
1,4,3000,192,12,16,2026-01-01T18:00:00Z,0,,,,,4.0,4.0,1.0,1.0,200.0,111.95303610653247,
1,5,3000,192,12,16,2026-01-01T18:00:00Z,0,,,,,1.0,1.0,1.0,1.0,137.0,65.83521223718853,
